
> finni@0.1.0 verify
> npm run lint && npm run typecheck && npm run test && npm run content && npm run fixtures


> finni@0.1.0 lint
> eslint . --max-warnings=0


> finni@0.1.0 typecheck
> tsc --noEmit


> finni@0.1.0 test
> node --test tests/*.test.mjs

TAP version 13
# (node:27636) [MODULE_TYPELESS_PACKAGE_JSON] Warning: Module type of file:///C:/00.MIDAS/PROJECTS/28.%20HackApp.%202026/Finni%20App/src/application/index.ts is not specified and it doesn't parse as CommonJS.
# Reparsing as ES module because module syntax was detected. This incurs a performance overhead.
# To eliminate this warning, add "type": "module" to C:\\00.MIDAS\\PROJECTS\\28. HackApp. 2026\\Finni App\\package.json.
# (Use `node --trace-warnings ...` to show where the warning was created)
# (node:27636) ExperimentalWarning: SQLite is an experimental feature and might change at any time
# Subtest: TC-071/169 adult access is memory-only, deliberate and relocks on idle/background
ok 1 - TC-071/169 adult access is memory-only, deliberate and relocks on idle/background
  ---
  duration_ms: 2.6851
  type: 'test'
  ...
# Subtest: TC-173 control database serializes CAS and survives file-backed restart
ok 2 - TC-173 control database serializes CAS and survives file-backed restart
  ---
  duration_ms: 354.37
  type: 'test'
  ...
# Subtest: History and Help expose factual child-safe content and return contract
ok 3 - History and Help expose factual child-safe content and return contract
  ---
  duration_ms: 3.1929
  type: 'test'
  ...
# Subtest: Adult UI and AppRoot enforce gate, relock and coordinator-only runtime actions
ok 4 - Adult UI and AppRoot enforce gate, relock and coordinator-only runtime actions
  ---
  duration_ms: 2.728
  type: 'test'
  ...
# Subtest: Production adapters use dedicated control DB and known-name idempotent delete semantics
ok 5 - Production adapters use dedicated control DB and known-name idempotent delete semantics
  ---
  duration_ms: 7.2727
  type: 'test'
  ...
# Subtest: Android release contract targets package and portrait orientation
ok 6 - Android release contract targets package and portrait orientation
  ---
  duration_ms: 1.8214
  type: 'test'
  ...
# Subtest: API 26 is declared through expo-build-properties
ok 7 - API 26 is declared through expo-build-properties
  ---
  duration_ms: 0.9298
  type: 'test'
  ...
# Subtest: release build requires external signing and has no debug fallback
ok 8 - release build requires external signing and has no debug fallback
  ---
  duration_ms: 0.5035
  type: 'test'
  ...
# Subtest: Babel config uses only the Expo preset and no superseded native renderer plugin
ok 9 - Babel config uses only the Expo preset and no superseded native renderer plugin
  ---
  duration_ms: 0.4729
  type: 'test'
  ...
# Subtest: release build clears only the generated app CMake cache before Gradle clean
ok 10 - release build clears only the generated app CMake cache before Gradle clean
  ---
  duration_ms: 0.5573
  type: 'test'
  ...
# Subtest: budget plan component wires draft, confirmation and additional-income states
ok 11 - budget plan component wires draft, confirmation and additional-income states
  ---
  duration_ms: 5.7346
  type: 'test'
  ...
# (node:29636) [MODULE_TYPELESS_PACKAGE_JSON] Warning: Module type of file:///C:/00.MIDAS/PROJECTS/28.%20HackApp.%202026/Finni%20App/src/application/budget-plan-model.ts is not specified and it doesn't parse as CommonJS.
# Reparsing as ES module because module syntax was detected. This incurs a performance overhead.
# To eliminate this warning, add "type": "module" to C:\\00.MIDAS\\PROJECTS\\28. HackApp. 2026\\Finni App\\package.json.
# (Use `node --trace-warnings ...` to show where the warning was created)
# (node:29636) ExperimentalWarning: SQLite is an experimental feature and might change at any time
# Subtest: plan draft and additional-income component models validate exact integer input
ok 12 - plan draft and additional-income component models validate exact integer input
  ---
  duration_ms: 3.0124
  type: 'test'
  ...
# Subtest: confirm and additions are atomic, idempotent and survive a file-backed restart
ok 13 - confirm and additions are atomic, idempotent and survive a file-backed restart
  ---
  duration_ms: 360.2091
  type: 'test'
  ...
# (node:19500) [MODULE_TYPELESS_PACKAGE_JSON] Warning: Module type of file:///C:/00.MIDAS/PROJECTS/28.%20HackApp.%202026/Finni%20App/src/lessons/budget-purchase-lessons.ts is not specified and it doesn't parse as CommonJS.
# Reparsing as ES module because module syntax was detected. This incurs a performance overhead.
# To eliminate this warning, add "type": "module" to C:\\00.MIDAS\\PROJECTS\\28. HackApp. 2026\\Finni App\\package.json.
# (Use `node --trace-warnings ...` to show where the warning was created)
# Subtest: B01 and B02 use the schema-v3 allocation parameters
ok 14 - B01 and B02 use the schema-v3 allocation parameters
  ---
  duration_ms: 85.3349
  type: 'test'
  ...
# Subtest: P01 accepts canonical package counts and never performs a wallet write
ok 15 - P01 accepts canonical package counts and never performs a wallet write
  ---
  duration_ms: 3.9018
  type: 'test'
  ...
# Subtest: P02 detects invalid competing offers and a more expensive equal coverage alternative
ok 16 - P02 detects invalid competing offers and a more expensive equal coverage alternative
  ---
  duration_ms: 0.8237
  type: 'test'
  ...
# Subtest: B02 starts from the visible 40/40/20 draft and accepts only an edited plan
ok 17 - B02 starts from the visible 40/40/20 draft and accepts only an edited plan
  ---
  duration_ms: 0.7332
  type: 'test'
  ...
# Subtest: P02 explains exact prices, quantities and leftovers in both pencil variants
ok 18 - P02 explains exact prices, quantities and leftovers in both pencil variants
  ---
  duration_ms: 0.8345
  type: 'test'
  ...
# Subtest: allocation and basket renderers expose canonical editable learning actions
ok 19 - allocation and basket renderers expose canonical editable learning actions
  ---
  duration_ms: 2.9808
  type: 'test'
  ...
# Subtest: pinned content definitions route all eight demo lessons through LessonShell
ok 20 - pinned content definitions route all eight demo lessons through LessonShell
  ---
  duration_ms: 0.5888
  type: 'test'
  ...
# (node:47496) [MODULE_TYPELESS_PACKAGE_JSON] Warning: Module type of file:///C:/00.MIDAS/PROJECTS/28.%20HackApp.%202026/Finni%20App/src/domain/index.ts is not specified and it doesn't parse as CommonJS.
# Reparsing as ES module because module syntax was detected. This incurs a performance overhead.
# To eliminate this warning, add "type": "module" to C:\\00.MIDAS\\PROJECTS\\28. HackApp. 2026\\Finni App\\package.json.
# (Use `node --trace-warnings ...` to show where the warning was created)
# (node:47496) ExperimentalWarning: SQLite is an experimental feature and might change at any time
# Subtest: catalog purchase previews funds and persists one immutable receipt/ledger row
ok 21 - catalog purchase previews funds and persists one immutable receipt/ledger row
  ---
  duration_ms: 91.8831
  type: 'test'
  ...
# Subtest: insufficient purchase changes neither projection nor history
ok 22 - insufficient purchase changes neither projection nor history
  ---
  duration_ms: 54.6547
  type: 'test'
  ...
# (node:11284) [MODULE_TYPELESS_PACKAGE_JSON] Warning: Module type of file:///C:/00.MIDAS/PROJECTS/28.%20HackApp.%202026/Finni%20App/src/domain/lesson.ts is not specified and it doesn't parse as CommonJS.
# Reparsing as ES module because module syntax was detected. This incurs a performance overhead.
# To eliminate this warning, add "type": "module" to C:\\00.MIDAS\\PROJECTS\\28. HackApp. 2026\\Finni App\\package.json.
# (Use `node --trace-warnings ...` to show where the warning was created)
# Subtest: actual lesson evaluator registry matches every canonical fixture for the eight runnable lessons
ok 23 - actual lesson evaluator registry matches every canonical fixture for the eight runnable lessons
  ---
  duration_ms: 116.2917
  type: 'test'
  ...
# (node:7572) [MODULE_TYPELESS_PACKAGE_JSON] Warning: Module type of file:///C:/00.MIDAS/PROJECTS/28.%20HackApp.%202026/Finni%20App/src/content/loader.ts is not specified and it doesn't parse as CommonJS.
# Reparsing as ES module because module syntax was detected. This incurs a performance overhead.
# To eliminate this warning, add "type": "module" to C:\\00.MIDAS\\PROJECTS\\28. HackApp. 2026\\Finni App\\package.json.
# (Use `node --trace-warnings ...` to show where the warning was created)
# Subtest: canonical manifest loads exactly eight strict schema-v3 lessons
ok 24 - canonical manifest loads exactly eight strict schema-v3 lessons
  ---
  duration_ms: 200.5183
  type: 'test'
  ...
# Subtest: attempt definition is an immutable version/variant snapshot
ok 25 - attempt definition is an immutable version/variant snapshot
  ---
  duration_ms: 468.1119
  type: 'test'
  ...
# Subtest: manifest rejects broken links and dependency cycles
ok 26 - manifest rejects broken links and dependency cycles
  ---
  duration_ms: 292.8199
  type: 'test'
  ...
# Subtest: lesson schema rejects non-canonical semver, URLs, unknown fields and fixture contradictions
ok 27 - lesson schema rejects non-canonical semver, URLs, unknown fields and fixture contradictions
  ---
  duration_ms: 39.4929
  type: 'test'
  ...
# Subtest: basket minimum excludes impossible simultaneous alternative-group offers
ok 28 - basket minimum excludes impossible simultaneous alternative-group offers
  ---
  duration_ms: 37.5475
  type: 'test'
  ...
# Subtest: demo variants pin P02, P03 and B03 without increasing the eight-topic manifest
ok 29 - demo variants pin P02, P03 and B03 without increasing the eight-topic manifest
  ---
  duration_ms: 523.5232
  type: 'test'
  ...
# (node:46472) [MODULE_TYPELESS_PACKAGE_JSON] Warning: Module type of file:///C:/00.MIDAS/PROJECTS/28.%20HackApp.%202026/Finni%20App/src/domain/index.ts is not specified and it doesn't parse as CommonJS.
# Reparsing as ES module because module syntax was detected. This incurs a performance overhead.
# To eliminate this warning, add "type": "module" to C:\\00.MIDAS\\PROJECTS\\28. HackApp. 2026\\Finni App\\package.json.
# (Use `node --trace-warnings ...` to show where the warning was created)
# (node:46472) ExperimentalWarning: SQLite is an experimental feature and might change at any time
# Subtest: file-backed crash boundaries rollback before/after receipt and replay after lost COMMIT response
ok 30 - file-backed crash boundaries rollback before/after receipt and replay after lost COMMIT response
  ---
  duration_ms: 251.4336
  type: 'test'
  ...
# Subtest: v4 fixture survives injected v5 migration failure and unsupported newer schema is never reset
ok 31 - v4 fixture survives injected v5 migration failure and unsupported newer schema is never reset
  ---
  duration_ms: 916.7755
  type: 'test'
  ...
# Subtest: real S2 commands reconcile the complete ledger and projections after close and restart
ok 32 - real S2 commands reconcile the complete ledger and projections after close and restart
  ---
  duration_ms: 121.2586
  type: 'test'
  ...
# (node:48464) [MODULE_TYPELESS_PACKAGE_JSON] Warning: Module type of file:///C:/00.MIDAS/PROJECTS/28.%20HackApp.%202026/Finni%20App/src/domain/index.ts is not specified and it doesn't parse as CommonJS.
# Reparsing as ES module because module syntax was detected. This incurs a performance overhead.
# To eliminate this warning, add "type": "module" to C:\\00.MIDAS\\PROJECTS\\28. HackApp. 2026\\Finni App\\package.json.
# (Use `node --trace-warnings ...` to show where the warning was created)
# Subtest: SRS 19.1 fixture reaches B40/S30, growth 13 and stage three
ok 33 - SRS 19.1 fixture reaches B40/S30, growth 13 and stage three
  ---
  duration_ms: 6.2895
  type: 'test'
  ...
# Subtest: SRS 19.7 fixture keeps the audited counterexamples explicit
ok 34 - SRS 19.7 fixture keeps the audited counterexamples explicit
  ---
  duration_ms: 0.3899
  type: 'test'
  ...
# (node:21956) [MODULE_TYPELESS_PACKAGE_JSON] Warning: Module type of file:///C:/00.MIDAS/PROJECTS/28.%20HackApp.%202026/Finni%20App/src/domain/index.ts is not specified and it doesn't parse as CommonJS.
# Reparsing as ES module because module syntax was detected. This incurs a performance overhead.
# To eliminate this warning, add "type": "module" to C:\\00.MIDAS\\PROJECTS\\28. HackApp. 2026\\Finni App\\package.json.
# (Use `node --trace-warnings ...` to show where the warning was created)
# Subtest: Amount projection overflow rejects the whole calculation as NUMERIC_LIMIT
ok 35 - Amount projection overflow rejects the whole calculation as NUMERIC_LIMIT
  ---
  duration_ms: 2.667
  type: 'test'
  ...
# (node:36868) [MODULE_TYPELESS_PACKAGE_JSON] Warning: Module type of file:///C:/00.MIDAS/PROJECTS/28.%20HackApp.%202026/Finni%20App/src/domain/index.ts is not specified and it doesn't parse as CommonJS.
# Reparsing as ES module because module syntax was detected. This incurs a performance overhead.
# To eliminate this warning, add "type": "module" to C:\\00.MIDAS\\PROJECTS\\28. HackApp. 2026\\Finni App\\package.json.
# (Use `node --trace-warnings ...` to show where the warning was created)
# Subtest: numeric contracts enforce Amount, Delta, Counter and NetFlow boundaries
ok 36 - numeric contracts enforce Amount, Delta, Counter and NetFlow boundaries
  ---
  duration_ms: 5.7578
  type: 'test'
  ...
# Subtest: TC-005/006: period income is exactly 100 and repeated decisions are deterministic
ok 37 - TC-005/006: period income is exactly 100 and repeated decisions are deterministic
  ---
  duration_ms: 2.2033
  type: 'test'
  ...
# Subtest: TC-007–013: plan validation, immutability and reward separation
ok 38 - TC-007–013: plan validation, immutability and reward separation
  ---
  duration_ms: 2.3723
  type: 'test'
  ...
# Subtest: balance formula preserves B+S and rejects insufficient projections
ok 39 - balance formula preserves B+S and rejects insufficient projections
  ---
  duration_ms: 1.0408
  type: 'test'
  ...
# Subtest: TC-153–158: additions use reward quota, preserve overruns and preconditions
ok 40 - TC-153–158: additions use reward quota, preserve overruns and preconditions
  ---
  duration_ms: 5.9357
  type: 'test'
  ...
# Subtest: TC-157 boundary: canonical identity is stable across restart metadata
ok 41 - TC-157 boundary: canonical identity is stable across restart metadata
  ---
  duration_ms: 1.5174
  type: 'test'
  ...
# Subtest: TC-159–164: high-water blocks repeated savings credit and allows signed flow
ok 42 - TC-159–164: high-water blocks repeated savings credit and allows signed flow
  ---
  duration_ms: 0.9693
  type: 'test'
  ...
# Subtest: domain source imports neither React nor SQLite
ok 43 - domain source imports neither React nor SQLite
  ---
  duration_ms: 287.5358
  type: 'test'
  ...
# (node:47528) [MODULE_TYPELESS_PACKAGE_JSON] Warning: Module type of file:///C:/00.MIDAS/PROJECTS/28.%20HackApp.%202026/Finni%20App/src/ui/finni-animation-set.ts is not specified and it doesn't parse as CommonJS.
# Reparsing as ES module because module syntax was detected. This incurs a performance overhead.
# To eliminate this warning, add "type": "module" to C:\\00.MIDAS\\PROJECTS\\28. HackApp. 2026\\Finni App\\package.json.
# (Use `node --trace-warnings ...` to show where the warning was created)
# Subtest: AN-001–014 have bounded recipes, static poses and skippable milestones
ok 44 - AN-001–014 have bounded recipes, static poses and skippable milestones
  ---
  duration_ms: 3.8535
  type: 'test'
  ...
# Subtest: result replaces optional reaction; background cannot interrupt result
ok 45 - result replaces optional reaction; background cannot interrupt result
  ---
  duration_ms: 0.8805
  type: 'test'
  ...
# Subtest: rapid taps keep at most one optional reaction and stale completion cannot end replacement
ok 46 - rapid taps keep at most one optional reaction and stale completion cannot end replacement
  ---
  duration_ms: 0.7008
  type: 'test'
  ...
# Subtest: goal and stage skip display committed presentation and invalidate old timer
ok 47 - goal and stage skip display committed presentation and invalidate old timer
  ---
  duration_ms: 0.4215
  type: 'test'
  ...
# Subtest: modal, leave and profile change cancel effects without mutating committed presentation
ok 48 - modal, leave and profile change cancel effects without mutating committed presentation
  ---
  duration_ms: 0.4876
  type: 'test'
  ...
# Subtest: motion, system preference and sound are independent of committed state
ok 49 - motion, system preference and sound are independent of committed state
  ---
  duration_ms: 0.3797
  type: 'test'
  ...
# (node:27652) [MODULE_TYPELESS_PACKAGE_JSON] Warning: Module type of file:///C:/00.MIDAS/PROJECTS/28.%20HackApp.%202026/Finni%20App/src/domain/pet-profile.ts is not specified and it doesn't parse as CommonJS.
# Reparsing as ES module because module syntax was detected. This incurs a performance overhead.
# To eliminate this warning, add "type": "module" to C:\\00.MIDAS\\PROJECTS\\28. HackApp. 2026\\Finni App\\package.json.
# (Use `node --trace-warnings ...` to show where the warning was created)
# Subtest: all nine domain combinations resolve to their own rendered artwork
ok 50 - all nine domain combinations resolve to their own rendered artwork
  ---
  duration_ms: 1.8774
  type: 'test'
  ...
# Subtest: accepted spotted frames and nine source layers have verified local PNG hashes
ok 51 - accepted spotted frames and nine source layers have verified local PNG hashes
  ---
  duration_ms: 123.1693
  type: 'test'
  ...
# Subtest: matrix package supplies eighteen unique frames and matching source hashes
ok 52 - matrix package supplies eighteen unique frames and matching source hashes
  ---
  duration_ms: 3163.7086
  type: 'test'
  ...
# Subtest: all 27 expression bindings have packaged full-canvas PNGs and accepted base hashes
ok 53 - all 27 expression bindings have packaged full-canvas PNGs and accepted base hashes
  ---
  duration_ms: 4035.1379
  type: 'test'
  ...
# (node:46516) [MODULE_TYPELESS_PACKAGE_JSON] Warning: Module type of file:///C:/00.MIDAS/PROJECTS/28.%20HackApp.%202026/Finni%20App/src/ui/finni-layer-contract.ts is not specified and it doesn't parse as CommonJS.
# Reparsing as ES module because module syntax was detected. This incurs a performance overhead.
# To eliminate this warning, add "type": "module" to C:\\00.MIDAS\\PROJECTS\\28. HackApp. 2026\\Finni App\\package.json.
# (Use `node --trace-warnings ...` to show where the warning was created)
# Subtest: default app has one production root and no 3D diagnostic route
not ok 54 - default app has one production root and no 3D diagnostic route
  ---
  duration_ms: 5.5327
  type: 'test'
  location: 'C:\\00.MIDAS\\PROJECTS\\28. HackApp. 2026\\Finni App\\tests\\finni-home-scene.test.mjs:22:1'
  failureType: 'testCodeFailure'
  error: |-
    The input did not match the regular expression /scenePaused=\{helpOpen\}/. Input:
    
    "import { StatusBar } from 'expo-status-bar';\r\n" +
      "import { useCallback, useEffect, useRef, useState } from 'react';\r\n" +
      'import {\r\n' +
      '  AppState,\r\n' +
      '  BackHandler,\r\n' +
      '  Image,\r\n' +
      '  KeyboardAvoidingView,\r\n' +
      '  Modal,\r\n' +
      '  Platform,\r\n' +
      '  Pressable,\r\n' +
      '  SafeAreaView,\r\n' +
      '  ScrollView,\r\n' +
      '  StatusBar as NativeStatusBar,\r\n' +
      '  StyleSheet,\r\n' +
      '  Text,\r\n' +
      '  TextInput,\r\n' +
      '  View,\r\n' +
      '  useWindowDimensions,\r\n' +
      "} from 'react-native';\r\n" +
      "import { SafeAreaView as RootSafeAreaView } from 'react-native-safe-area-context';\r\n" +
      "import { RootNavigation, RootMenu, MoreScreen } from './RootNavigation.tsx';\r\n" +
      "import { isRootRoute, type RootRoute } from './root-navigation.ts';\r\n" +
      "import { AdultAccessSession } from '../application/adult-access.ts';\r\n" +
      "import type { AppRuntime, AppSnapshot } from '../application/app-runtime.ts';\r\n" +
      "import { ProductionAppController } from '../application/production-app-controller.ts';\r\n" +
      'import {\r\n' +
      '  errorScreenModel,\r\n' +
      '  homeScreenModel,\r\n' +
      '  loadingScreenModel,\r\n' +
      '  onboardingScreenModel,\r\n' +
      "} from '../application/ui-model.ts';\r\n" +
      'import {\r\n' +
      '  PET_PATTERNS,\r\n' +
      '  PET_SHAPES,\r\n' +
      '  petAppearance,\r\n' +
      '  petNameError,\r\n' +
      '  type PetAppearance,\r\n' +
      '  type PetPatternId,\r\n' +
      '  type PetShapeId,\r\n' +
      "} from '../domain/pet-profile.ts';\r\n" +
      "import type { Plan } from '../domain/economy.ts';\r\n" +
      "import type { Mode } from '../domain/contracts.ts';\r\n" +
      "import type { HintLevel, LessonAttempt, LessonEvaluation } from '../domain/lesson.ts';\r\n" +
      "import { LOCAL_DEMO_LESSONS, HOME_LESSON_ORDER, type LocalLessonPresentation, type LessonVariantPresentation } from '../content/local-lesson-catalog.ts';\r\n" +
      "import AdultScreen from './AdultScreen.tsx';\r\n" +
      "import BudgetPlanScreen from './BudgetPlanScreen.tsx';\r\n" +
      "import HelpScreen from './HelpScreen.tsx';\r\n" +
      "import HistoryScreen from './HistoryScreen.tsx';\r\n" +
      "import PeriodResultScreen from './PeriodResultScreen.tsx';\r\n" +
      "import SavingsScreen from './SavingsScreen.tsx';\r\n" +
      "import ShopScreen from './ShopScreen.tsx';\r\n" +
      "import { type HomeReaction } from './FinniHomeScene.tsx';\r\n" +
      "import HomeScreen from './HomeScreen.tsx';\r\n" +
      "import { recommendHomeLesson } from '../application/home-lesson.ts';\r\n" +
      "import { FINNI_APPEARANCE_ASSETS } from './finni-appearance-assets.ts';\r\n" +
      "import { renderedFinniAppearance } from './finni-appearance-policy.ts';\r\n" +
      "import LessonShell from './LessonShell.tsx';\r\n" +
      "import { LessonRendererRegistry } from './lesson-renderer-registry.ts';\r\n" +
      "import { AllocationRenderer, BasketRenderer } from './budget-purchase-renderers.tsx';\r\n" +
      "import { ReceiptAuditRenderer, ResourceChoiceRenderer } from './receipt-workshop-renderers.tsx';\r\n" +
      "import SavingsLessonRenderer from './SavingsLessonRenderer.tsx';\r\n" +
      "import { lessonReturnLabel, lessonReturnScreen, nextLessonVariant } from './lesson-return.ts';\r\n" +
      "import type { LessonDiscovery } from '../persistence/lesson-repository.ts';\r\n" +
      "import type { PresentationPreferences } from '../persistence/app-control-sqlite.ts';\r\n" +
      '\r\n' +
      "type Screen = 'intro' | 'pet' | 'more' | 'home' | 'plan' | 'shop' | 'savings' | 'history' | 'result' | 'adult' | 'section' | 'lesson-catalog' | 'lesson';\r\n" +
      "type Phase = 'loading' | 'ready' | 'error';\r\n" +
      '\r\n' +
      'const EMPTY_SNAPSHOT: AppSnapshot = Object.freeze({\r\n' +
      '  profile: null,\r\n' +
      '  lifecycle: null,\r\n' +
      '  budget: null,\r\n' +
      '  commerce: null,\r\n' +
      '});\r\n' +
      '\r\n' +
      'const lessonRenderers = new LessonRendererRegistry()\r\n' +
      "  .register('allocation', AllocationRenderer)\r\n" +
      "  .register('basket', BasketRenderer)\r\n" +
      "  .register('savings', SavingsLessonRenderer)\r\n" +
      "  .register('receipt_audit', ReceiptAuditRenderer)\r\n" +
      "  .register('resource_choice', ResourceChoiceRenderer);\r\n" +
      '\r\n' +
      'function ActionButton(props: Readonly<{\r\n' +
      '  label: string;\r\n' +
      '  onPress: () => void;\r\n' +
      '  disabled?: boolean;\r\n' +
      '  secondary?: boolean;\r\n' +
      '  accessibilityHint?: string;\r\n' +
      '}>) {\r\n' +
      '  return (\r\n' +
      '    <Pressable\r\n' +
      '      accessibilityRole="button"\r\n' +
      '      accessibilityHint={props.accessibilityHint}\r\n' +
      '      accessibilityState={{ disabled: Boolean(props.disabled) }}\r\n' +
      '      disabled={props.disabled}\r\n' +
      '      onPress={props.onPress}\r\n' +
      '      style={({ pressed }) => [\r\n' +
      '        styles.action,\r\n' +
      '        props.secondary && styles.actionSecondary,\r\n' +
      '        props.disabled && styles.actionDisabled,\r\n' +
      '        pressed && !props.disabled && styles.pressed,\r\n' +
      '      ]}\r\n' +
      '    >\r\n' +
      '      <Text style={[styles.actionText, props.secondary && styles.actionSecondaryText]}>\r\n' +
      '        {props.label}\r\n' +
      '      </Text>\r\n' +
      '    </Pressable>\r\n' +
      '  );\r\n' +
      '}\r\n' +
      '\r\n' +
      'export function PetAvatar(props: Readonly<{\r\n' +
      '  shapeId: PetShapeId;\r\n' +
      '  patternId: PetPatternId;\r\n' +
      '  name: string;\r\n' +
      '  size?: number;\r\n' +
      '}>) {\r\n' +
      '  const size = props.size ?? 96;\r\n' +
      '  const renderedAppearance = renderedFinniAppearance(props);\r\n' +
      '  const [failedAppearance, setFailedAppearance] = useState<string | null>(null);\r\n' +
      '  if (renderedAppearance && failedAppearance !== renderedAppearance) {\r\n' +
      '    return (\r\n' +
      '      <View\r\n' +
      '        accessible\r\n' +
      '        accessibilityLabel={`${props.name}: ${PET_SHAPES.find((item) => item.id === props.shapeId)?.label}, ${PET_PATTERNS.find((item) => item.id === props.patternId)?.label}`}\r\n' +
      '        style={{ height: size, width: size }}\r\n' +
      "        testID={`pet-preview-${renderedAppearance.replace('/', '-')}`}\r\n" +
      '      >\r\n' +
      '        <Image\r\n' +
      '          accessibilityIgnoresInvertColors\r\n' +
      '          onError={() => setFailedAppearance(renderedAppearance)}\r\n' +
      '          resizeMode="contain"\r\n' +
      '          source={FINNI_APPEARANCE_ASSETS[renderedAppearance].preview}\r\n' +
      '          style={{ height: size, width: size }}\r\n' +
      '        />\r\n' +
      '      </View>\r\n' +
      '    );\r\n' +
      '  }\r\n' +
      "  const pointy = props.shapeId === 'pointy';\r\n" +
      "  const floppy = props.shapeId === 'floppy';\r\n" +
      '  return (\r\n' +
      '    <View\r\n' +
      '      accessible\r\n' +
      '      accessibilityLabel={`${props.name}: ${PET_SHAPES.find((item) => item.id === props.shapeId)?.label}, ${PET_PATTERNS.find((item) => item.id === props.patternId)?.label}`}\r\n' +
      '      style={[styles.petFrame, { height: size, width: size }]}\r\n' +
      '    >\r\n' +
      '      <View\r\n' +
      '        style={[\r\n' +
      '          styles.ear,\r\n' +
      '          styles.earLeft,\r\n' +
      '          pointy && styles.earPointy,\r\n' +
      '          floppy && styles.earFloppyLeft,\r\n' +
      '        ]}\r\n' +
      '      />\r\n' +
      '      <View\r\n' +
      '        style={[\r\n' +
      '          styles.ear,\r\n' +
      '          styles.earRight,\r\n' +
      '          pointy && styles.earPointy,\r\n' +
      '          floppy && styles.earFloppyRight,\r\n' +
      '        ]}\r\n' +
      '      />\r\n' +
      '      <View style={[styles.petHead, pointy && styles.petHeadPointy]}>\r\n' +
      "        {props.patternId === 'spots' && (\r\n" +
      '          <>\r\n' +
      '            <View style={[styles.spot, styles.spotOne]} />\r\n' +
      '            <View style={[styles.spot, styles.spotTwo]} />\r\n' +
      '          </>\r\n' +
      '        )}\r\n' +
      "        {props.patternId === 'stripes' && (\r\n" +
      '          <View style={styles.stripes}>\r\n' +
      '            <View style={styles.stripe} />\r\n' +
      '            <View style={styles.stripe} />\r\n' +
      '            <View style={styles.stripe} />\r\n' +
      '          </View>\r\n' +
      '        )}\r\n' +
      '        <Text style={styles.petFace}>• ᴗ •</Text>\r\n' +
      '      </View>\r\n' +
      '    </View>\r\n' +
      '  );\r\n' +
      '}\r\n' +
      '\r\n' +
      'function LoadingScreen() {\r\n' +
      '  return (\r\n' +
      '    <SafeAreaView style={styles.centered} accessibilityLabel="Загрузка приложения">\r\n' +
      '      <PetAvatar name="Финни" shapeId="round" patternId="plain" size={104} />\r\n' +
      '      <Text style={styles.title}>{loadingScreenModel.title}</Text>\r\n' +
      '      <Text style={styles.body}>{loadingScreenModel.message}</Text>\r\n' +
      '    </SafeAreaView>\r\n' +
      '  );\r\n' +
      '}\r\n' +
      '\r\n' +
      'function ErrorScreen(props: Readonly<{ message?: string; onRetry: () => void; onAdult?: () => void }>) {\r\n' +
      '  const model = errorScreenModel(props.message);\r\n' +
      '  return (\r\n' +
      '    <SafeAreaView style={styles.centered} accessibilityLabel="Ошибка загрузки">\r\n' +
      '      <Text style={styles.errorIcon}>!</Text>\r\n' +
      '      <Text style={styles.title}>{model.title}</Text>\r\n' +
      '      <Text style={styles.body}>{model.message}</Text>\r\n' +
      '      <ActionButton label={model.action} onPress={props.onRetry} />\r\n' +
      '      {props.onAdult && <ActionButton label="Удалить повреждённые данные" onPress={props.onAdult} secondary />}\r\n' +
      '    </SafeAreaView>\r\n' +
      '  );\r\n' +
      '}\r\n' +
      '\r\n' +
      'function IntroScreen(props: Readonly<{\r\n' +
      '  repeat?: boolean;\r\n' +
      '  onContinue: () => void;\r\n' +
      '  onClose?: () => void;\r\n' +
      '  onAdult?: () => void;\r\n' +
      '}>) {\r\n' +
      '  return (\r\n' +
      '    <SafeAreaView style={styles.page}>\r\n' +
      '      <ScrollView contentContainerStyle={styles.introContent}>\r\n' +
      '        <PetAvatar name="Финни" shapeId="round" patternId="spots" size={96} />\r\n' +
      '        <Text style={styles.eyebrow}>ПИТОМЕЦ ФИННИ</Text>\r\n' +
      '        <Text style={styles.title}>{onboardingScreenModel.title}</Text>\r\n' +
      '        <Text style={styles.body}>Выбирай сам — Финни поможет увидеть результат.</Text>\r\n' +
      '        <View style={styles.directionList}>\r\n' +
      '          {onboardingScreenModel.directions.map((item, index) => (\r\n' +
      '            <View key={item.id} style={styles.directionCard}>\r\n' +
      '              <Text style={styles.directionNumber}>{index + 1}</Text>\r\n' +
      '              <View style={styles.flex}>\r\n' +
      '                <Text style={styles.cardTitle}>{item.title}</Text>\r\n' +
      '                <Text style={styles.caption}>{item.hint}</Text>\r\n' +
      '              </View>\r\n' +
      '            </View>\r\n' +
      '          ))}\r\n' +
      '        </View>\r\n' +
      '        <ActionButton\r\n' +
      "          label={props.repeat ? 'Вернуться в домик' : onboardingScreenModel.primaryAction}\r\n" +
      '          onPress={props.repeat ? props.onClose! : props.onContinue}\r\n' +
      '        />\r\n' +
      '        {!props.repeat && (\r\n' +
      '          <ActionButton\r\n' +
      '            label={onboardingScreenModel.secondaryAction}\r\n' +
      '            onPress={props.onContinue}\r\n' +
      '            secondary\r\n' +
      '          />\r\n' +
      '        )}\r\n' +
      '        {!props.repeat && (\r\n' +
      '          <Pressable accessibilityRole="button" onPress={props.onAdult} style={styles.adultButton}>\r\n' +
      '            <Text style={styles.expertLink}>Раздел для взрослого</Text>\r\n' +
      '          </Pressable>\r\n' +
      '        )}\r\n' +
      '      </ScrollView>\r\n' +
      '    </SafeAreaView>\r\n' +
      '  );\r\n' +
      '}\r\n' +
      '\r\n' +
      '/**\r\n' +
      ' * Help is intentionally a native modal rather than a second Home route. This\r\n' +
      ' * leaves the current Home state intact while preventing the scene and bottom\r\n' +
      ' * navigation from receiving touches. Android Back is routed to\r\n' +
      ' * `onRequestClose`, before any underlying navigation can run.\r\n' +
      ' */\r\n' +
      'function HelpOverlay(props: Readonly<{ onClose: () => void }>) {\r\n' +
      '  return (\r\n' +
      '    <Modal\r\n' +
      '      accessibilityViewIsModal\r\n' +
      '      animationType="slide"\r\n' +
      '      onRequestClose={props.onClose}\r\n' +
      '      presentationStyle="fullScreen"\r\n' +
      '      statusBarTranslucent={false}\r\n' +
      '      visible\r\n' +
      '    >'... 38197 more characters
    
  code: 'ERR_ASSERTION'
  name: 'AssertionError'
  expected:
  actual: |-
    import { StatusBar } from 'expo-status-bar';
    import { useCallback, useEffect, useRef, useState } from 'react';
    import {
      AppState,
      BackHandler,
      Image,
      KeyboardAvoidingView,
      Modal,
      Platform,
      Pressable,
      SafeAreaView,
      ScrollView,
      StatusBar as NativeStatusBar,
      StyleSheet,
      Text,
      TextInput,
      View,
      useWindowDimensions,
    } from 'react-native';
    import { SafeAreaView as RootSafeAreaView } from 'react-native-safe-area-context';
    import { RootNavigation, RootMenu, MoreScreen } from './RootNavigation.tsx';
    import { isRootRoute, type RootRoute } from './root-navigation.ts';
    import { AdultAccessSession } from '../application/adult-access.ts';
    import type { AppRuntime, AppSnapshot } from '../application/app-runtime.ts';
    import { ProductionAppController } from '../application/production-app-controller.ts';
    import {
      errorScreenModel,
      homeScreenModel,
      loadingScreenModel,
      onboardingScreenModel,
    } from '../application/ui-model.ts';
    import {
      PET_PATTERNS,
      PET_SHAPES,
      petAppearance,
      petNameError,
      type PetAppearance,
      type PetPatternId,
      type PetShapeId,
    } from '../domain/pet-profile.ts';
    import type { Plan } from '../domain/economy.ts';
    import type { Mode } from '../domain/contracts.ts';
    import type { HintLevel, LessonAttempt, LessonEvaluation } from '../domain/lesson.ts';
    import { LOCAL_DEMO_LESSONS, HOME_LESSON_ORDER, type LocalLessonPresentation, type LessonVariantPresentation } from '../content/local-lesson-catalog.ts';
    import AdultScreen from './AdultScreen.tsx';
    import BudgetPlanScreen from './BudgetPlanScreen.tsx';
    import HelpScreen from './HelpScreen.tsx';
    import HistoryScreen from './HistoryScreen.tsx';
    import PeriodResultScreen from './PeriodResultScreen.tsx';
    import SavingsScreen from './SavingsScreen.tsx';
    import ShopScreen from './ShopScreen.tsx';
    import { type HomeReaction } from './FinniHomeScene.tsx';
    import HomeScreen from './HomeScreen.tsx';
    import { recommendHomeLesson } from '../application/home-lesson.ts';
    import { FINNI_APPEARANCE_ASSETS } from './finni-appearance-assets.ts';
    import { renderedFinniAppearance } from './finni-appearance-policy.ts';
    import LessonShell from './LessonShell.tsx';
    import { LessonRendererRegistry } from './lesson-renderer-registry.ts';
    import { AllocationRenderer, BasketRenderer } from './budget-purchase-renderers.tsx';
    import { ReceiptAuditRenderer, ResourceChoiceRenderer } from './receipt-workshop-renderers.tsx';
    import SavingsLessonRenderer from './SavingsLessonRenderer.tsx';
    import { lessonReturnLabel, lessonReturnScreen, nextLessonVariant } from './lesson-return.ts';
    import type { LessonDiscovery } from '../persistence/lesson-repository.ts';
    import type { PresentationPreferences } from '../persistence/app-control-sqlite.ts';
    
    type Screen = 'intro' | 'pet' | 'more' | 'home' | 'plan' | 'shop' | 'savings' | 'history' | 'result' | 'adult' | 'section' | 'lesson-catalog' | 'lesson';
    type Phase = 'loading' | 'ready' | 'error';
    
    const EMPTY_SNAPSHOT: AppSnapshot = Object.freeze({
      profile: null,
      lifecycle: null,
      budget: null,
      commerce: null,
    });
    
    const lessonRenderers = new LessonRendererRegistry()
      .register('allocation', AllocationRenderer)
      .register('basket', BasketRenderer)
      .register('savings', SavingsLessonRenderer)
      .register('receipt_audit', ReceiptAuditRenderer)
      .register('resource_choice', ResourceChoiceRenderer);
    
    function ActionButton(props: Readonly<{
      label: string;
      onPress: () => void;
      disabled?: boolean;
      secondary?: boolean;
      accessibilityHint?: string;
    }>) {
      return (
        <Pressable
          accessibilityRole="button"
          accessibilityHint={props.accessibilityHint}
          accessibilityState={{ disabled: Boolean(props.disabled) }}
          disabled={props.disabled}
          onPress={props.onPress}
          style={({ pressed }) => [
            styles.action,
            props.secondary && styles.actionSecondary,
            props.disabled && styles.actionDisabled,
            pressed && !props.disabled && styles.pressed,
          ]}
        >
          <Text style={[styles.actionText, props.secondary && styles.actionSecondaryText]}>
            {props.label}
          </Text>
        </Pressable>
      );
    }
    
    export function PetAvatar(props: Readonly<{
      shapeId: PetShapeId;
      patternId: PetPatternId;
      name: string;
      size?: number;
    }>) {
      const size = props.size ?? 96;
      const renderedAppearance = renderedFinniAppearance(props);
      const [failedAppearance, setFailedAppearance] = useState<string | null>(null);
      if (renderedAppearance && failedAppearance !== renderedAppearance) {
        return (
          <View
            accessible
            accessibilityLabel={`${props.name}: ${PET_SHAPES.find((item) => item.id === props.shapeId)?.label}, ${PET_PATTERNS.find((item) => item.id === props.patternId)?.label}`}
            style={{ height: size, width: size }}
            testID={`pet-preview-${renderedAppearance.replace('/', '-')}`}
          >
            <Image
              accessibilityIgnoresInvertColors
              onError={() => setFailedAppearance(renderedAppearance)}
              resizeMode="contain"
              source={FINNI_APPEARANCE_ASSETS[renderedAppearance].preview}
              style={{ height: size, width: size }}
            />
          </View>
        );
      }
      const pointy = props.shapeId === 'pointy';
      const floppy = props.shapeId === 'floppy';
      return (
        <View
          accessible
          accessibilityLabel={`${props.name}: ${PET_SHAPES.find((item) => item.id === props.shapeId)?.label}, ${PET_PATTERNS.find((item) => item.id === props.patternId)?.label}`}
          style={[styles.petFrame, { height: size, width: size }]}
        >
          <View
            style={[
              styles.ear,
              styles.earLeft,
              pointy && styles.earPointy,
              floppy && styles.earFloppyLeft,
            ]}
          />
          <View
            style={[
              styles.ear,
              styles.earRight,
              pointy && styles.earPointy,
              floppy && styles.earFloppyRight,
            ]}
          />
          <View style={[styles.petHead, pointy && styles.petHeadPointy]}>
            {props.patternId === 'spots' && (
              <>
                <View style={[styles.spot, styles.spotOne]} />
                <View style={[styles.spot, styles.spotTwo]} />
              </>
            )}
            {props.patternId === 'stripes' && (
              <View style={styles.stripes}>
                <View style={styles.stripe} />
                <View style={styles.stripe} />
                <View style={styles.stripe} />
              </View>
            )}
            <Text style={styles.petFace}>• ᴗ •</Text>
          </View>
        </View>
      );
    }
    
    function LoadingScreen() {
      return (
        <SafeAreaView style={styles.centered} accessibilityLabel="Загрузка приложения">
          <PetAvatar name="Финни" shapeId="round" patternId="plain" size={104} />
          <Text style={styles.title}>{loadingScreenModel.title}</Text>
          <Text style={styles.body}>{loadingScreenModel.message}</Text>
        </SafeAreaView>
      );
    }
    
    function ErrorScreen(props: Readonly<{ message?: string; onRetry: () => void; onAdult?: () => void }>) {
      const model = errorScreenModel(props.message);
      return (
        <SafeAreaView style={styles.centered} accessibilityLabel="Ошибка загрузки">
          <Text style={styles.errorIcon}>!</Text>
          <Text style={styles.title}>{model.title}</Text>
          <Text style={styles.body}>{model.message}</Text>
          <ActionButton label={model.action} onPress={props.onRetry} />
          {props.onAdult && <ActionButton label="Удалить повреждённые данные" onPress={props.onAdult} secondary />}
        </SafeAreaView>
      );
    }
    
    function IntroScreen(props: Readonly<{
      repeat?: boolean;
      onContinue: () => void;
      onClose?: () => void;
      onAdult?: () => void;
    }>) {
      return (
        <SafeAreaView style={styles.page}>
          <ScrollView contentContainerStyle={styles.introContent}>
            <PetAvatar name="Финни" shapeId="round" patternId="spots" size={96} />
            <Text style={styles.eyebrow}>ПИТОМЕЦ ФИННИ</Text>
            <Text style={styles.title}>{onboardingScreenModel.title}</Text>
            <Text style={styles.body}>Выбирай сам — Финни поможет увидеть результат.</Text>
            <View style={styles.directionList}>
              {onboardingScreenModel.directions.map((item, index) => (
                <View key={item.id} style={styles.directionCard}>
                  <Text style={styles.directionNumber}>{index + 1}</Text>
                  <View style={styles.flex}>
                    <Text style={styles.cardTitle}>{item.title}</Text>
                    <Text style={styles.caption}>{item.hint}</Text>
                  </View>
                </View>
              ))}
            </View>
            <ActionButton
              label={props.repeat ? 'Вернуться в домик' : onboardingScreenModel.primaryAction}
              onPress={props.repeat ? props.onClose! : props.onContinue}
            />
            {!props.repeat && (
              <ActionButton
                label={onboardingScreenModel.secondaryAction}
                onPress={props.onContinue}
                secondary
              />
            )}
            {!props.repeat && (
              <Pressable accessibilityRole="button" onPress={props.onAdult} style={styles.adultButton}>
                <Text style={styles.expertLink}>Раздел для взрослого</Text>
              </Pressable>
            )}
          </ScrollView>
        </SafeAreaView>
      );
    }
    
    /**
     * Help is intentionally a native modal rather than a second Home route. This
     * leaves the current Home state intact while preventing the scene and bottom
     * navigation from receiving touches. Android Back is routed to
     * `onRequestClose`, before any underlying navigation can run.
     */
    function HelpOverlay(props: Readonly<{ onClose: () => void }>) {
      return (
        <Modal
          accessibilityViewIsModal
          animationType="slide"
          onRequestClose={props.onClose}
          presentationStyle="fullScreen"
          statusBarTranslucent={false}
          visible
        >
          <View accessibilityViewIsModal style={styles.helpOverlay} testID="home-help-overlay">
            <HelpScreen onBack={props.onClose} />
          </View>
        </Modal>
      );
    }
    
    function ChoiceButton(props: Readonly<{
      label: string;
      selected: boolean;
      onPress: () => void;
    }>) {
      return (
        <Pressable
          accessibilityRole="radio"
          accessibilityState={{ selected: props.selected }}
          onPress={props.onPress}
          style={({ pressed }) => [
            styles.choice,
            props.selected && styles.choiceSelected,
            pressed && styles.pressed,
          ]}
        >
          <Text style={[styles.choiceText, props.selected && styles.choiceTextSelected]}>
            {props.label}
          </Text>
        </Pressable>
      );
    }
    
    function PetBuilder(props: Readonly<{
      initial?: PetAppearance;
      busy: boolean;
      saveError: string | null;
      onSave: (appearance: PetAppearance) => void;
      onCancel: () => void;
    }>) {
      const [name, setName] = useState(props.initial?.name ?? 'Финни');
      const [shapeId, setShapeId] = useState<PetShapeId>(props.initial?.shapeId ?? 'round');
      const [patternId, setPatternId] = useState<PetPatternId>(props.initial?.patternId ?? 'plain');
      const validation = petNameError(name);
      return (
        <SafeAreaView style={styles.page}>
          <KeyboardAvoidingView
            behavior={Platform.OS === 'ios' ? 'padding' : undefined}
            style={styles.flex}
          >
            <ScrollView
              keyboardShouldPersistTaps="handled"
              contentContainerStyle={styles.builderContent}
            >
              <Text style={styles.eyebrow}>{props.initial ? 'О ПИТОМЦЕ' : 'НОВЫЙ ДРУГ'}</Text>
              <Text style={styles.title}>{props.initial ? 'Настрой питомца' : 'Как выглядит Финни?'}</Text>
              <PetAvatar name={name || 'Питомец'} shapeId={shapeId} patternId={patternId} size={112} />
              <Text style={styles.fieldLabel}>Форма</Text>
              <View accessibilityRole="radiogroup" style={styles.choiceRow}>
                {PET_SHAPES.map((shape) => (
                  <ChoiceButton
                    key={shape.id}
                    label={shape.label.replace(' ушки', '')}
                    selected={shape.id === shapeId}
                    onPress={() => setShapeId(shape.id)}
                  />
                ))}
              </View>
              <Text style={styles.fieldLabel}>Узор</Text>
              <View accessibilityRole="radiogroup" style={styles.choiceRow}>
                {PET_PATTERNS.map((pattern) => (
                  <ChoiceButton
                    key={pattern.id}
                    label={pattern.label}
                    selected={pattern.id === patternId}
                    onPress={() => setPatternId(pattern.id)}
                  />
                ))}
              </View>
              <Text style={styles.fieldLabel}>Придумай имя питомцу</Text>
              <TextInput
                accessibilityLabel="Игровое имя питомца"
                autoCapitalize="sentences"
                maxLength={32}
                onChangeText={setName}
                placeholder="Финни"
                style={[styles.input, validation && styles.inputError]}
                value={name}
              />
              {validation && <Text style={styles.validation}>{validation}</Text>}
              {props.saveError && <Text style={styles.validation}>{props.saveError}</Text>}
              <ActionButton
                label={props.busy ? 'Сохраняем…' : 'Готово'}
                disabled={props.busy || Boolean(validation)}
                onPress={() => props.onSave(petAppearance({ name, shapeId, patternId }))}
              />
              <ActionButton label="Отмена" onPress={props.onCancel} secondary />
            </ScrollView>
          </KeyboardAvoidingView>
        </SafeAreaView>
      );
    }
    
    function SectionScreen(props: Readonly<{ title: string; onBack: () => void }>) {
      return (
        <SafeAreaView style={styles.centered}>
          <Text style={styles.eyebrow}>РАЗДЕЛ</Text>
          <Text style={styles.title}>{props.title}</Text>
          <Text style={styles.body}>Основа навигации готова. Действия откроются, когда выполнены денежные предусловия.</Text>
          <ActionButton label="Вернуться в домик" onPress={props.onBack} />
        </SafeAreaView>
      );
    }
    
    function LessonCatalogScreen(props: Readonly<{
      lessons: readonly LocalLessonPresentation[];
      onSelect: (lesson: LessonVariantPresentation) => void;
      onBack: () => void;
    }>) {
      return (
        <SafeAreaView style={styles.page} accessibilityLabel="Каталог учебных занятий">
          <ScrollView contentContainerStyle={styles.introContent}>
            <Text style={styles.eyebrow}>УЧЕБНЫЕ ЗАНЯТИЯ</Text>
            <Text style={styles.title}>Выбери пример</Text>
            <Text style={styles.body}>Это задания для тренировки: покупки и переводы из копилки здесь не выполняются.</Text>
            {props.lessons.map((lesson) => (
              <View key={lesson.definition.lessonId} style={styles.lessonCard}>
                <Text style={styles.summaryValue}>{lesson.title}</Text>
                {lesson.variants.map((variant, index) => (
                  <Pressable
                    key={variant.definition.variantId}
                    accessibilityRole="button"
                    accessibilityLabel={`${lesson.title}. Ситуация ${index + 1}. ${variant.intro}`}
                    onPress={() => props.onSelect(variant)}
                    style={styles.variantButton}
                  >
                    <Text style={styles.variantTitle}>Ситуация {index + 1}</Text>
                    <Text style={styles.caption}>{variant.intro}</Text>
                  </Pressable>
                ))}
              </View>
            ))}
            <ActionButton label="Вернуться в домик" onPress={props.onBack} secondary />
          </ScrollView>
        </SafeAreaView>
      );
    }
    
    export default function AppRoot() {
      const controller = useRef<ProductionAppController | null>(null);
      const adultAccess = useRef(new AdultAccessSession());
      const returnScreen = useRef<Screen>('home');
      const detailOrigin = useRef<RootRoute>('home');
      const { fontScale } = useWindowDimensions();
      const [rootMenuOpen, setRootMenuOpen] = useState(false);
      const [phase, setPhase] = useState<Phase>('loading');
      const [screen, setScreen] = useState<Screen>('intro');
      const [snapshot, setSnapshot] = useState<AppSnapshot | null>(null);
      const [reaction, setReaction] = useState<HomeReaction | null>(null);
      const reactionSerial = useRef(0);
      const playReaction = (expression: HomeReaction['expression'], skippable = false) => {
        reactionSerial.current += 1;
        setReaction({ id: reactionSerial.current, expression, skippable });
      };
      const clearReaction = useCallback((id: number) => {
        setReaction((current) => current?.id === id ? null : current);
      }, []);
      const [mode, setMode] = useState<Mode>('normal');
      const [presentationPreferences, setPresentationPreferences] = useState<PresentationPreferences>({ motionEnabled: true, soundEnabled: true });
      const [adultUnlocked, setAdultUnlocked] = useState(false);
      const [adultRecoveryAvailable, setAdultRecoveryAvailable] = useState(false);
      const [busy, setBusy] = useState(false);
      const [message, setMessage] = useState<string | null>(null);
      const [sectionTitle, setSectionTitle] = useState('');
      const [lessonAttempt, setLessonAttempt] = useState<LessonAttempt | null>(null);
      const [lessonEvaluation, setLessonEvaluation] = useState<LessonEvaluation | null>(null);
      const [lessonPresentation, setLessonPresentation] = useState<LessonVariantPresentation | null>(null);
      const [revealedEvidenceIds, setRevealedEvidenceIds] = useState<readonly string[]>([]);
      const [lessonRewardReason, setLessonRewardReason] = useState<null | 'GRANTED' | 'TRAINING' | 'PERIOD_NOT_ACTIVE' | 'ALREADY_GRANTED'>(null);
      const [lessonDiscoveries, setLessonDiscoveries] = useState<readonly LessonDiscovery[]>([]);
      const [helpOpen, setHelpOpen] = useState(false);
      const [boot, setBoot] = useState(0);
      const root = isRootRoute(screen);
      const navigateRoot = (route: RootRoute) => {
        if (busy) return;
        setRootMenuOpen(false);
        setMessage(null);
        setScreen(route);
      };
      const editPet = (origin: RootRoute) => { detailOrigin.current = origin; setMessage(null); setScreen('pet'); };
      const openCatalog = (origin: RootRoute) => { detailOrigin.current = origin; setMessage(null); setScreen('lesson-catalog'); };
    
      const lockAdult = () => {
        adultAccess.current.lock();
        setAdultUnlocked(false);
      };
    
      useEffect(() => {
        const subscription = AppState.addEventListener('change', (state) => {
          adultAccess.current.handleAppState(state);
          if (state !== 'active') setAdultUnlocked(false);
        });
        return () => subscription.remove();
      }, []);
    
      useEffect(() => {
        if (!adultUnlocked) return undefined;
        const timer = setInterval(() => {
          if (!adultAccess.current.isUnlocked(Date.now())) setAdultUnlocked(false);
        }, 5000);
        return () => clearInterval(timer);
      }, [adultUnlocked]);
    
      useEffect(() => () => {
        void controller.current?.close();
      }, []);
    
      useEffect(() => {
        let cancelled = false;
        const start = async () => {
          setPhase('loading');
          setMessage(null);
          try {
            await controller.current?.close();
            controller.current = null;
            setAdultRecoveryAvailable(false);
            const initialized = await ProductionAppController.initialize(async () => {
              adultAccess.current.lock();
              if (!cancelled) {
                setAdultUnlocked(false);
                setHelpOpen(false);
                setRootMenuOpen(false);
                setSnapshot(null);
                setScreen('intro');
              }
            });
            if (cancelled) {
              await initialized.controller.close();
              return;
            }
            controller.current = initialized.controller;
            setPresentationPreferences(await initialized.controller.presentationPreferences());
            setAdultRecoveryAvailable(true);
            setMode(initialized.controller.mode());
            if (initialized.startupError) {
              setSnapshot(null);
              setPhase('error');
            } else {
              setSnapshot(initialized.snapshot);
              setScreen(initialized.snapshot?.profile ? 'home' : 'intro');
              setPhase('ready');
            }
          } catch {
            if (!cancelled) setPhase('error');
          }
        };
        void start();
        return () => {
          cancelled = true;
        };
      }, [boot]);
    
      const updatePresentationPreference = async (kind: 'motion' | 'sound', enabled: boolean) => {
        if (!controller.current) return;
        setBusy(true);
        setMessage(null);
        try {
          if (kind === 'motion') await controller.current.setMotionEnabled(enabled);
          else await controller.current.setSoundEnabled(enabled);
          setPresentationPreferences((previous) => ({
            ...previous,
            [kind === 'motion' ? 'motionEnabled' : 'soundEnabled']: enabled,
          }));
        } catch {
          setMessage('Настройка не сохранилась. Попробуй ещё раз.');
        } finally {
          setBusy(false);
        }
      };
    
      const savePet = async (appearance: PetAppearance) => {
        if (!controller.current) return;
        setBusy(true);
        setMessage(null);
        try {
          const loaded = snapshot?.profile
            ? await controller.current.runSnapshot((runtime) => runtime.updatePet(snapshot.profile!, appearance))
            : await controller.current.runSnapshot((runtime) => runtime.createProfile(appearance));
          setSnapshot(loaded);
          setReaction(null);
          setScreen(snapshot?.profile ? detailOrigin.current : 'home');
        } catch {
          setMessage('Не получилось сохранить. Проверь данные и попробуй ещё раз.');
        } finally {
          setBusy(false);
        }
      };
    
      const openDay = async () => {
        if (!controller.current || !snapshot) return;
        setBusy(true);
        setMessage(null);
        try {
          setSnapshot(await controller.current.runSnapshot((runtime) => runtime.openDay(snapshot)));
        } catch {
          setMessage('День не открылся. Деньги не начислены — попробуй ещё раз.');
        } finally {
          setBusy(false);
        }
      };
    
      const confirmBudgetPlan = async (values: Plan, acknowledgedLowNeed: boolean) => {
        if (!controller.current || !snapshot) return;
        setBusy(true);
        setMessage(null);
        try {
          setSnapshot(await controller.current.runSnapshot((runtime) => runtime.confirmPlan(snapshot, values, acknowledgedLowNeed)));
        } catch {
          setMessage('План не сохранился. Проверь суммы и попробуй ещё раз.');
        } finally {
          setBusy(false);
        }
      };
    
      const allocateIncome = async (values: Plan) => {
        if (!controller.current || !snapshot) return;
        setBusy(true);
        setMessage(null);
        try {
          setSnapshot(await controller.current.runSnapshot((runtime) => runtime.allocateAdditionalIncome(snapshot, values)));
        } catch {
          setMessage('Доход изменился. Проверь доступный остаток и подтверди ещё раз.');
        } finally {
          setBusy(false);
        }
      };
    
      const updateCommerce = async (
        action: (runtime: AppRuntime, current: AppSnapshot) => Promise<AppSnapshot>,
        errorMessage: string,
        resultReaction?: HomeReaction['expression'] | null | ((before: AppSnapshot, after: AppSnapshot) => HomeReaction['expression'] | null),
        skippable = false,
      ) => {
        if (!controller.current || !snapshot) return;
        setBusy(true);
        setMessage(null);
        try {
          const loaded = await controller.current.runSnapshot((runtime) => action(runtime, snapshot));
          setSnapshot(loaded);
          const nextReaction = typeof resultReaction === 'function' ? resultReaction(snapshot, loaded) : resultReaction;
          if (nextReaction) playReaction(nextReaction, skippable);
          else if (nextReaction === null) setReaction(null);
        } catch {
          setMessage(errorMessage);
        } finally {
          setBusy(false);
        }
      };
    
      const openHistory = async (back: Screen) => {
        if (!snapshot?.profile || !controller.current) return;
        setBusy(true);
        setMessage(null);
        try {
          const discoveries = await controller.current.submit((runtime) => runtime.listLessonDiscoveries(snapshot.profile!.id));
          setLessonDiscoveries(discoveries);
          returnScreen.current = back;
          setScreen('history');
        } catch {
          setMessage('Не удалось открыть историю занятий. Попробуй ещё раз.');
        } finally {
          setBusy(false);
        }
      };
    
      const openAdult = () => {
        returnScreen.current = screen === 'adult' ? 'home' : screen;
        lockAdult();
        setMessage(null);
        setScreen('adult');
      };
    
      const leaveAdult = () => {
        lockAdult();
        setMessage(null);
        setScreen(snapshot?.profile ? returnScreen.current : 'intro');
      };
    
      const switchMode = async (target: Mode) => {
        if (!controller.current || target === mode) return;
        if (!adultAccess.current.recordActivity(Date.now())) {
          setAdultUnlocked(false);
          return;
        }
        setBusy(true);
        setMessage(null);
        try {
          const loaded = await controller.current.switchMode(target);
          setMode(target);
          setSnapshot(loaded);
          setReaction(null);
          lockAdult();
          setScreen(loaded.profile ? 'home' : 'intro');
        } catch {
          setMessage('Режим не переключился. Данные не смешаны; попробуйте ещё раз.');
        } finally {
          setBusy(false);
        }
      };
    
      const runAdmin = async (operation: 'RESET_PROFILE' | 'DELETE_PROFILE') => {
        if (!controller.current) return;
        if (!adultAccess.current.recordActivity(Date.now())) {
          setAdultUnlocked(false);
          return;
        }
        setBusy(true);
        setMessage(null);
        try {
          const loaded = await controller.current.runAdmin(operation);
          setSnapshot(loaded);
          setReaction(null);
          setMode(controller.current.mode());
          lockAdult();
          setScreen('intro');
          setPhase('ready');
        } catch {
          setMessage('Не удалось завершить удаление. Операция сохранена и будет продолжена при следующем запуске.');
        } finally {
          setBusy(false);
        }
      };
    
      const openSection = (title: string) => {
        setMessage(null);
        if (title === 'План') {
          setScreen('plan');
          return;
        }
        if (title === 'Покупки') {
          setScreen('shop');
          return;
        }
        if (title === 'Копилка') {
          setScreen('savings');
          return;
        }
        if (title === 'Прогресс') {
          void openHistory('home');
          return;
        }
        if (title === 'Для взрослого') {
          openAdult();
          return;
        }
        setSectionTitle(title);
        setScreen('section');
      };
    
      const openLesson = async (presentation: LessonVariantPresentation) => {
        if (!snapshot || !controller.current) return;
        setBusy(true);
        setMessage(null);
        try {
          const attempt = await controller.current.submit((runtime) => runtime.startLesson(snapshot, presentation.definition));
          setLessonAttempt(attempt);
          setLessonEvaluation(null);
          setLessonPresentation(presentation);
          setRevealedEvidenceIds([]);
          setLessonRewardReason(null);
          setScreen('lesson');
        } catch {
          setMessage('Занятие не открылось. Монеты твоего дня не изменились.');
        } finally {
          setBusy(false);
        }
      };
    
      const withLesson = async (work: (runtime: AppRuntime, attempt: LessonAttempt) => Promise<LessonAttempt | Readonly<{ attempt: LessonAttempt; evaluation?: LessonEvaluation }>>) => {
        if (!lessonAttempt || !controller.current) return;
        setBusy(true);
        setMessage(null);
        try {
          const result = await controller.current.submit((runtime) => work(runtime, lessonAttempt));
          const next = 'attempt' in result ? result.attempt : result;
          setLessonAttempt(next);
          if ('evaluation' in result && result.evaluation) setLessonEvaluation(result.evaluation);
        } catch {
          setMessage('Действие не сохранилось. Можно попробовать ещё раз.');
        } finally {
          setBusy(false);
        }
      };
    
      const completeLesson = async () => {
        if (!snapshot || !lessonAttempt || !lessonEvaluation || !controller.current) return;
        setBusy(true);
        setMessage(null);
        try {
          const receipt = await controller.current.submit((runtime) => runtime.completeLesson(snapshot, lessonAttempt.attemptId, lessonEvaluation.evaluationId));
          if (!receipt.result.ok) throw new Error('Lesson completion failed');
          setLessonRewardReason(receipt.result.data.reward.reason);
          if (receipt.result.data.reward.granted) playReaction('happy');
          setLessonAttempt((current) => current ? { ...current, phase: 'completed' } : current);
          try {
            setSnapshot(await controller.current.load());
          } catch {
            setMessage('Занятие сохранено. Не удалось обновить день — открой приложение снова.');
          }
        } catch {
          setMessage('Завершение не сохранилось. Попробуй ещё раз.');
        } finally {
          setBusy(false);
        }
      };
    
      const lessonTarget = lessonAttempt?.phase === 'completed'
        ? lessonReturnScreen(lessonAttempt.lessonId, snapshot?.lifecycle?.state)
        : null;
      const leaveLesson = () => {
        if (busy) return;
        setMessage(null);
        if (!lessonTarget) {
          setScreen('lesson-catalog');
        } else if (lessonTarget === 'history') {
          void openHistory('home');
        } else {
          setScreen(lessonTarget);
        }
      };
    
      useEffect(() => {
        if (screen !== 'home' || !controller.current) return;
        let current = true;
        void controller.current.load().then((loaded) => { if (current) setSnapshot(loaded); }).catch(() => { if (current) setMessage('Не удалось обновить домик. Подтверждённые данные сохранены.'); });
        return () => { current = false; };
      }, [screen, mode]);
    
      useEffect(() => {
        const subscription = BackHandler.addEventListener('hardwareBackPress', () => {
          if (busy) return true;
          if (screen === 'home' || screen === 'intro') return false;
          if (rootMenuOpen) { setRootMenuOpen(false); return true; }
          if (screen === 'adult') { adultAccess.current.lock(); setAdultUnlocked(false); }
          setMessage(null);
          if (screen === 'lesson') { leaveLesson(); return true; }
          const back = screen === 'history' || screen === 'adult' ? returnScreen.current
            : screen === 'pet' || screen === 'lesson-catalog' ? detailOrigin.current : 'home';
          setScreen(snapshot?.profile ? back : 'intro');
          return true;
        });
        return () => subscription.remove();
      });
    
      if (phase === 'loading') return <LoadingScreen />;
      if (phase === 'error') return (
        <ErrorScreen
          onAdult={adultRecoveryAvailable ? () => { setPhase('ready'); openAdult(); } : undefined}
          onRetry={() => setBoot((value) => value + 1)}
        />
      );
    
      return (
        <RootSafeAreaView style={{ flex: 1, backgroundColor: '#F6F0E6' }} edges={root ? ['top', 'right', 'bottom', 'left'] : []}>
          <StatusBar style="dark" />
          <View style={{ flex: 1 }} accessibilityElementsHidden={rootMenuOpen || helpOpen || (screen === 'home' && Boolean(message))}
            importantForAccessibility={rootMenuOpen || helpOpen || (screen === 'home' && message) ? 'no-hide-descendants' : 'auto'}
            pointerEvents={rootMenuOpen || helpOpen || (screen === 'home' && message) ? 'none' : 'auto'}>
          {screen === 'intro' && <IntroScreen onAdult={openAdult} onContinue={() => setScreen('pet')} />}
          {screen === 'pet' && (
            <PetBuilder
              key={snapshot?.profile ? `${snapshot.profile.id}-${snapshot.profile.revision}` : 'new'}
              initial={snapshot?.profile ? {
                name: snapshot.profile.name,
                shapeId: snapshot.profile.shapeId,
                patternId: snapshot.profile.patternId,
              } : undefined}
              busy={busy}
              saveError={message}
              onCancel={() => setScreen(snapshot?.profile ? detailOrigin.current : 'intro')}
              onSave={(appearance) => void savePet(appearance)}
            />
          )}
          {screen === 'home' && snapshot?.profile && snapshot.lifecycle && (
            <HomeScreen
              key={`${mode}-${snapshot.profile.id}`}
              snapshot={snapshot}
              demo={mode === 'demo'}
              lessonTitle={recommendHomeLesson(mode, snapshot.lifecycle.periodIndex, snapshot.homeLessons ?? [], LOCAL_DEMO_LESSONS, HOME_LESSON_ORDER)?.title ?? null}
              onDismissNotice={() => setMessage(null)}
              busy={busy}
              notice={message}
              scenePaused={helpOpen || rootMenuOpen}
              motionEnabled={presentationPreferences.motionEnabled}
              reaction={reaction}
              onReactionFinished={clearReaction}
              onReactionCancelled={clearReaction}
              onEditPet={() => editPet('home')}
              onMenu={() => setRootMenuOpen(true)}
              onLesson={() => {
                const lesson = recommendHomeLesson(mode, snapshot.lifecycle!.periodIndex, snapshot.homeLessons ?? [], LOCAL_DEMO_LESSONS, HOME_LESSON_ORDER);
                if (lesson) void openLesson(lesson);
                else openCatalog('home');
              }}
              onOpenDay={() => void openDay()}
              onResults={() => { setMessage(null); setScreen('result'); }}
              onSection={openSection}
            />
          )}
          {screen === 'lesson-catalog' && (
            <LessonCatalogScreen
              lessons={LOCAL_DEMO_LESSONS}
              onBack={() => setScreen(detailOrigin.current)}
              onSelect={(lesson) => void openLesson(lesson)}
            />
          )}
          {screen === 'plan' && snapshot?.profile && snapshot.lifecycle && (
            <BudgetPlanScreen
              snapshot={snapshot}
              busy={busy}
              message={message}
              onAllocate={(values) => void allocateIncome(values)}
              onConfirm={(values, acknowledged) =>
                void confirmBudgetPlan(values, acknowledged)}
            />
          )}
          {screen === 'shop' && snapshot && (
            <ShopScreen
              snapshot={snapshot}
              busy={busy}
              onPreview={(itemId) => controller.current!.submit((runtime) => runtime.previewPurchase(snapshot, itemId))}
              onPurchase={(itemId, acknowledged) => {
                void updateCommerce(
                  (runtime, current) => runtime.purchase(current, itemId, acknowledged),
                  'Покупка не выполнена. Деньги не изменились.',
                  'happy',
                );
              }}
            />
          )}
          {screen === 'savings' && snapshot && (
            <SavingsScreen
              snapshot={snapshot}
              busy={busy}
              message={message}
              onClaim={(goalId) => void updateCommerce(
                (runtime, current) => runtime.claimGoal(current, goalId),
                'Цель не получена. Монеты не изменились.',
                'inspired',
                true,
              )}
              onHistory={() => void openHistory('savings')}
              onPreview={(kind, value) => controller.current!.submit((runtime) => runtime.previewSavings(snapshot, kind, value))}
              onSelectGoal={(goalId) => void updateCommerce(
                (runtime, current) => runtime.selectGoal(current, goalId),
                'Цель не изменилась. Попробуй ещё раз.',
                goalId ? 'thoughtful' : null,
              )}
              onTransfer={(kind, value) => void updateCommerce(
                (runtime, current) => kind === 'deposit'
                  ? runtime.depositSavings(current, value)
                  : runtime.withdrawSavings(current, value),
                'Перевод не выполнен. Монеты не изменились.',
                kind === 'deposit' ? 'inspired' : null,
              )}
            />
          )}
          {screen === 'history' && snapshot && (
            <HistoryScreen
              snapshot={snapshot}
              discoveries={lessonDiscoveries}
              onBack={() => setScreen(returnScreen.current)}
              onHelp={() => setHelpOpen(true)}
              onPractice={(lessonId, previousVariantId) => {
                const lesson = LOCAL_DEMO_LESSONS.find((item) => item.definition.lessonId === lessonId);
                if (lesson) void openLesson(nextLessonVariant(lesson.variants, previousVariantId));
              }}
            />
          )}
          {screen === 'result' && snapshot && (
            <PeriodResultScreen
              snapshot={snapshot}
              busy={busy}
              message={message}
              onBack={() => { setMessage(null); setScreen('home'); }}
              onClosePeriod={() => void updateCommerce(
                (runtime, current) => runtime.closePeriod(current),
                'Итог не сохранился. День остался открытым.',
                (before, after) => after.lifecycle?.petStage !== before.lifecycle?.petStage ? 'inspired' : null,
                true,
              )}
            />
          )}
          {screen === 'adult' && (
            <AdultScreen
              unlocked={adultUnlocked}
              mode={mode}
              snapshot={snapshot ?? EMPTY_SNAPSHOT}
              busy={busy}
              message={message}
              presentationPreferences={presentationPreferences}
              onMotionEnabledChange={(enabled) => void updatePresentationPreference('motion', enabled)}
              onSoundEnabledChange={(enabled) => void updatePresentationPreference('sound', enabled)}
              onUnlock={() => { adultAccess.current.unlock(Date.now()); setAdultUnlocked(true); }}
              onActivity={() => {
                if (!adultAccess.current.recordActivity(Date.now())) {
                  setAdultUnlocked(false);
                }
              }}
              onExit={leaveAdult}
              onSwitchMode={(target) => void switchMode(target)}
              onResetDemo={() => void runAdmin('RESET_PROFILE')}
              onDeleteSelected={() => void runAdmin('DELETE_PROFILE')}
            />
          )}
          {screen === 'lesson' && lessonAttempt && lessonPresentation && (
            <LessonShell
              attempt={lessonAttempt}
              evaluation={lessonEvaluation}
              copy={{ title: lessonPresentation.title, intro: lessonPresentation.intro, evidence: lessonPresentation.evidence }}
              registry={lessonRenderers}
              busy={busy}
              rewardReason={lessonRewardReason}
              message={message}
              onSolutionChange={(solution) => void withLesson((runtime, attempt) => runtime.saveLesson(attempt.attemptId, solution))}
              revealedEvidenceIds={revealedEvidenceIds}
              onRevealEvidence={(evidenceId) => setRevealedEvidenceIds((current) => current.includes(evidenceId) ? current : [...current, evidenceId])}
              onRevealHint={(level: HintLevel) => void withLesson((runtime, attempt) => runtime.revealLessonHint(attempt.attemptId, level))}
              onEvaluate={() => void withLesson((runtime, attempt) => runtime.evaluateLesson(attempt.attemptId))}
              onViewExplanation={(evaluationId) => void withLesson((runtime, attempt) => runtime.viewLessonExplanation(attempt.attemptId, evaluationId))}
              onComplete={() => void completeLesson()}
              onHelp={() => setHelpOpen(true)}
              returnLabel={lessonTarget ? lessonReturnLabel(lessonTarget) : 'К выбору занятий'}
              onBack={leaveLesson}
            />
          )}
          {screen === 'section' && <SectionScreen title={sectionTitle} onBack={() => setScreen('home')} />}
          {screen === 'more' && snapshot?.profile && snapshot.lifecycle && <MoreScreen
            name={snapshot.profile.name} day={homeScreenModel(snapshot.profile, snapshot.lifecycle).dayLabel} demo={mode === 'demo'} busy={busy}
            onLessons={() => openCatalog('more')} onProgress={() => void openHistory('more')} onPet={() => editPet('more')}
            onHelp={() => setHelpOpen(true)} onAdult={openAdult} />}
          {root && fontScale <= 1.2 && <RootNavigation selected={screen} disabled={busy} onNavigate={navigateRoot} />}
          {root && fontScale > 1.2 && screen !== 'home' && <Pressable accessibilityRole="button" accessibilityLabel="Меню"
            onPress={() => setRootMenuOpen(true)} style={styles.rootMenuButton} testID="root-menu-button"><Text style={styles.rootMenuText}>Меню</Text></Pressable>}
          </View>
          {helpOpen && <HelpOverlay onClose={() => setHelpOpen(false)} />}
          {root && <RootMenu visible={rootMenuOpen} selected={screen} onClose={() => setRootMenuOpen(false)} onNavigate={navigateRoot} />}
        </RootSafeAreaView>
      );
    }
    
    const colors = {
      ink: '#14324A',
      muted: '#4B6878',
      sky: '#EAF6FB',
      teal: '#146B78',
      pale: '#F7FBFC',
      line: '#C7DEE5',
      coral: '#D95D4F',
      yellow: '#F7C85E',
    };
    
    const styles = StyleSheet.create({
      rootMenuButton: { minHeight: 56, margin: 10, padding: 10, borderRadius: 18, backgroundColor: '#FFFCF6', alignItems: 'center', justifyContent: 'center' },
      rootMenuText: { color: '#3D352D', fontSize: 16, lineHeight: 22 },
      flex: { flex: 1 },
      page: { flex: 1, backgroundColor: colors.sky },
      homePage: { paddingTop: Platform.OS === 'android' ? NativeStatusBar.currentHeight ?? 0 : 0 },
      centered: { flex: 1, alignItems: 'center', justifyContent: 'center', gap: 12, padding: 24, backgroundColor: colors.sky },
      introContent: { alignItems: 'center', gap: 10, padding: 20, paddingBottom: 28 },
      builderContent: { alignItems: 'center', gap: 8, padding: 18, paddingBottom: 36 },
      homeContent: { gap: 8, minHeight: '100%', paddingHorizontal: 14, paddingBottom: 8 },
      homeContentLargeText: { paddingBottom: 24 },
      eyebrow: { color: colors.teal, fontSize: 13, fontWeight: '800', letterSpacing: 1.5 },
      title: { color: colors.ink, fontSize: 25, fontWeight: '800', textAlign: 'center' },
      body: { color: colors.muted, fontSize: 16, lineHeight: 22, maxWidth: 340, textAlign: 'center' },
      caption: { color: colors.muted, fontSize: 13, lineHeight: 17 },
      roomFrame: { position: 'relative', width: '100%' },
      roomStatus: { color: colors.muted, fontSize: 13, lineHeight: 18, marginTop: 5 },
      cardTitle: { color: colors.ink, fontSize: 16, fontWeight: '800' },
      action: { alignItems: 'center', alignSelf: 'stretch', backgroundColor: colors.teal, borderRadius: 14, justifyContent: 'center', minHeight: 48, paddingHorizontal: 16 },
      actionSecondary: { backgroundColor: 'transparent', borderColor: colors.teal, borderWidth: 1.5 },
      actionDisabled: { opacity: 0.45 },
      actionText: { color: '#FFFFFF', fontSize: 16, fontWeight: '800' },
      actionSecondaryText: { color: colors.teal },
      pressed: { opacity: 0.72 },
      errorIcon: { backgroundColor: colors.coral, borderRadius: 30, color: '#FFFFFF', fontSize: 28, fontWeight: '900', lineHeight: 56, overflow: 'hidden', textAlign: 'center', width: 56 },
      directionList: { alignSelf: 'stretch', gap: 8, marginVertical: 4 },
      directionCard: { alignItems: 'center', backgroundColor: colors.pale, borderColor: colors.line, borderRadius: 14, borderWidth: 1, flexDirection: 'row', gap: 12, minHeight: 58, paddingHorizontal: 12 },
      directionNumber: { backgroundColor: colors.yellow, borderRadius: 18, color: colors.ink, fontSize: 16, fontWeight: '900', lineHeight: 36, textAlign: 'center', width: 36 },
      expertLink: { color: colors.muted, fontSize: 13, marginTop: 4, textDecorationLine: 'underline' },
      choiceRow: { flexDirection: 'row', gap: 7, width: '100%' },
      choice: { alignItems: 'center', backgroundColor: colors.pale, borderColor: colors.line, borderRadius: 12, borderWidth: 1, flex: 1, justifyContent: 'center', minHeight: 48, paddingHorizontal: 4 },
      choiceSelected: { backgroundColor: '#D5EEF0', borderColor: colors.teal, borderWidth: 2 },
      choiceText: { color: colors.ink, fontSize: 13, fontWeight: '700', textAlign: 'center' },
      choiceTextSelected: { color: colors.teal },
      fieldLabel: { alignSelf: 'flex-start', color: colors.ink, fontSize: 15, fontWeight: '800', marginTop: 3 },
      input: { alignSelf: 'stretch', backgroundColor: '#FFFFFF', borderColor: colors.line, borderRadius: 12, borderWidth: 1.5, color: colors.ink, fontSize: 17, minHeight: 48, paddingHorizontal: 14 },
      inputError: { borderColor: colors.coral },
      validation: { alignSelf: 'stretch', color: colors.coral, fontSize: 14, fontWeight: '700' },
      petFrame: { alignItems: 'center', justifyContent: 'center' },
      petHead: { alignItems: 'center', backgroundColor: '#F1B86B', borderColor: colors.ink, borderRadius: 42, borderWidth: 3, height: '72%', justifyContent: 'center', overflow: 'hidden', width: '76%' },
      petHeadPointy: { borderRadius: 24 },
      ear: { backgroundColor: '#F1B86B', borderColor: colors.ink, borderRadius: 14, borderWidth: 3, height: '34%', position: 'absolute', top: '3%', width: '30%' },
      earLeft: { left: '10%', transform: [{ rotate: '-15deg' }] },
      earRight: { right: '10%', transform: [{ rotate: '15deg' }] },
      earPointy: { borderRadius: 4, transform: [{ rotate: '0deg' }] },
      earFloppyLeft: { left: '2%', top: '26%', transform: [{ rotate: '35deg' }] },
      earFloppyRight: { right: '2%', top: '26%', transform: [{ rotate: '-35deg' }] },
      petFace: { color: colors.ink, fontSize: 21, fontWeight: '900', marginTop: 16 },
      spot: { backgroundColor: '#9A5D4A', borderRadius: 12, height: 16, position: 'absolute', width: 16 },
      spotOne: { left: 10, top: 16 },
      spotTwo: { right: 8, top: 26 },
      stripes: { flexDirection: 'row', gap: 5, position: 'absolute', top: 5 },
      stripe: { backgroundColor: '#9A5D4A', borderRadius: 3, height: 19, transform: [{ rotate: '10deg' }], width: 5 },
      homeHeader: { alignItems: 'center', flexDirection: 'row', justifyContent: 'space-between', minHeight: 48 },
      petNameButton: { flexShrink: 1, justifyContent: 'center', minHeight: 48, maxWidth: '48%', paddingRight: 4 },
      homeName: { color: colors.ink, fontSize: 20, fontWeight: '900' },
      headerActions: { flex: 1, flexDirection: 'row', gap: 4, justifyContent: 'flex-end' },
      textButton: { flex: 1, justifyContent: 'center', minHeight: 48, paddingHorizontal: 6 },
      textButtonLabel: { color: colors.teal, fontSize: 13, fontWeight: '800', textAlign: 'center' },
      dayLabel: { color: colors.muted, fontSize: 13, fontWeight: '700', marginTop: -8 },
      moneyRow: { flexDirection: 'row', gap: 8 },
      metric: { backgroundColor: '#FFFFFF', borderColor: colors.line, borderRadius: 12, borderWidth: 1, flex: 1, minHeight: 54, paddingHorizontal: 11, paddingVertical: 6 },
      metricLabel: { color: colors.muted, fontSize: 12, fontWeight: '700' },
      metricValue: { color: colors.ink, fontSize: 19, fontWeight: '900' },
      summaryCard: { backgroundColor: '#FFF8E4', borderRadius: 12, justifyContent: 'center', minHeight: 48, paddingHorizontal: 12 },
      summaryLabel: { color: colors.muted, fontSize: 11, fontWeight: '800', letterSpacing: 0.6 },
      summaryValue: { color: colors.ink, fontSize: 15, fontWeight: '800' },
      variantButton: { backgroundColor: '#F7FBFC', borderColor: '#C7DEE5', borderRadius: 12, borderWidth: 1, justifyContent: 'center', minHeight: 48, padding: 10 },
      variantTitle: { color: '#146B78', fontSize: 15, fontWeight: '800' },
      lessonCard: { backgroundColor: '#FFFFFF', borderColor: colors.line, borderRadius: 12, borderWidth: 1, justifyContent: 'center', minHeight: 56, paddingHorizontal: 12 },
      notice: { color: colors.coral, fontSize: 13, fontWeight: '700' },
      reviewConflict: { backgroundColor: '#FFF1EF', borderColor: colors.coral, borderRadius: 12, borderWidth: 1, color: '#7A3028', fontSize: 14, fontWeight: '800', lineHeight: 19, padding: 10 },
      nav: { backgroundColor: '#FFFFFF', borderColor: colors.line, borderRadius: 14, borderWidth: 1, flexDirection: 'row', minHeight: 56 },
      navLargeText: { flexWrap: 'wrap' },
      navItem: { alignItems: 'center', flex: 1, justifyContent: 'center', minHeight: 56, paddingHorizontal: 4 },
      navItemLargeText: { flexBasis: '24%', flexGrow: 1 },
      navItemDisabled: { opacity: 0.35 },
      navLabel: { color: colors.muted, fontSize: 12, fontWeight: '700' },
      navLabelActive: { color: colors.teal, fontWeight: '900' },
      adultButton: { alignItems: 'center', alignSelf: 'center', justifyContent: 'center', minHeight: 48, paddingHorizontal: 16 },
      adultLabel: { color: colors.muted, fontSize: 13, textDecorationLine: 'underline' },
      helpOverlay: { flex: 1 },
    });
    
  operator: 'match'
  stack: |-
    TestContext.<anonymous> (file:///C:/00.MIDAS/PROJECTS/28.%20HackApp.%202026/Finni%20App/tests/finni-home-scene.test.mjs:27:10)
    Test.runInAsyncScope (node:async_hooks:214:14)
    Test.run (node:internal/test_runner/test:1047:25)
    Test.start (node:internal/test_runner/test:944:17)
    startSubtestAfterBootstrap (node:internal/test_runner/harness:296:17)
  ...
# Subtest: production master copies match accepted S7-004 hashes
ok 55 - production master copies match accepted S7-004 hashes
  ---
  duration_ms: 47.8142
  type: 'test'
  ...
# Subtest: Home scene is local, lifecycle-aware, reduced-motion safe and bounded
ok 56 - Home scene is local, lifecycle-aware, reduced-motion safe and bounded
  ---
  duration_ms: 0.605
  type: 'test'
  ...
# Subtest: three stage frames preserve the same room floor contact
ok 57 - three stage frames preserve the same room floor contact
  ---
  duration_ms: 1.7809
  type: 'test'
  ...
# Subtest: first blink waits for its decoded frame without swapping image sources
ok 58 - first blink waits for its decoded frame without swapping image sources
  ---
  duration_ms: 0.4689
  type: 'test'
  ...
# (node:47268) [MODULE_TYPELESS_PACKAGE_JSON] Warning: Module type of file:///C:/00.MIDAS/PROJECTS/28.%20HackApp.%202026/Finni%20App/src/persistence/app-control-sqlite.ts is not specified and it doesn't parse as CommonJS.
# Reparsing as ES module because module syntax was detected. This incurs a performance overhead.
# To eliminate this warning, add "type": "module" to C:\\00.MIDAS\\PROJECTS\\28. HackApp. 2026\\Finni App\\package.json.
# (Use `node --trace-warnings ...` to show where the warning was created)
# (node:47268) ExperimentalWarning: SQLite is an experimental feature and might change at any time
# Subtest: AN-016 motion and sound choices persist independently across restart
ok 59 - AN-016 motion and sound choices persist independently across restart
  ---
  duration_ms: 81.7006
  type: 'test'
  ...
# (node:1788) [MODULE_TYPELESS_PACKAGE_JSON] Warning: Module type of file:///C:/00.MIDAS/PROJECTS/28.%20HackApp.%202026/Finni%20App/src/application/home-lesson.ts is not specified and it doesn't parse as CommonJS.
# Reparsing as ES module because module syntax was detected. This incurs a performance overhead.
# To eliminate this warning, add "type": "module" to C:\\00.MIDAS\\PROJECTS\\28. HackApp. 2026\\Finni App\\package.json.
# (Use `node --trace-warnings ...` to show where the warning was created)
# (node:1788) ExperimentalWarning: SQLite is an experimental feature and might change at any time
# Subtest: Home recommendation obeys unlock, unfinished sequence, manifest order and circular practice
ok 60 - Home recommendation obeys unlock, unfinished sequence, manifest order and circular practice
  ---
  duration_ms: 2.1566
  type: 'test'
  ...
# Subtest: all stage silhouettes fit the smallest and ordinary reserves with invariant feet
ok 61 - all stage silhouettes fit the smallest and ordinary reserves with invariant feet
  ---
  duration_ms: 2.9405
  type: 'test'
  ...
# Subtest: Home history projection survives restart, isolates profiles and uses internal insertion order
ok 62 - Home history projection survives restart, isolates profiles and uses internal insertion order
  ---
  duration_ms: 369.4471
  type: 'test'
  ...
# (node:44528) [MODULE_TYPELESS_PACKAGE_JSON] Warning: Module type of file:///C:/00.MIDAS/PROJECTS/28.%20HackApp.%202026/Finni%20App/src/ui/home-next-step.ts is not specified and it doesn't parse as CommonJS.
# Reparsing as ES module because module syntax was detected. This incurs a performance overhead.
# To eliminate this warning, add "type": "module" to C:\\00.MIDAS\\PROJECTS\\28. HackApp. 2026\\Finni App\\package.json.
# (Use `node --trace-warnings ...` to show where the warning was created)
# Subtest: Home next step matches its destination and never bypasses a financial confirmation
ok 63 - Home next step matches its destination and never bypasses a financial confirmation
  ---
  duration_ms: 4.3161
  type: 'test'
  ...
# Subtest: large text portrait keeps ear-top clearance on the accepted canvas
ok 64 - large text portrait keeps ear-top clearance on the accepted canvas
  ---
  duration_ms: 0.7291
  type: 'test'
  ...
# (node:43996) [MODULE_TYPELESS_PACKAGE_JSON] Warning: Module type of file:///C:/00.MIDAS/PROJECTS/28.%20HackApp.%202026/Finni%20App/src/ui/lesson-return.ts is not specified and it doesn't parse as CommonJS.
# Reparsing as ES module because module syntax was detected. This incurs a performance overhead.
# To eliminate this warning, add "type": "module" to C:\\00.MIDAS\\PROJECTS\\28. HackApp. 2026\\Finni App\\package.json.
# (Use `node --trace-warnings ...` to show where the warning was created)
# Subtest: all eight lessons return to the right day section without triggering an operation
ok 65 - all eight lessons return to the right day section without triggering an operation
  ---
  duration_ms: 3.2373
  type: 'test'
  ...
# Subtest: discovery copy reports saved choices for all mechanics without claiming mastery
ok 66 - discovery copy reports saved choices for all mechanics without claiming mastery
  ---
  duration_ms: 2.0785
  type: 'test'
  ...
# Subtest: repeat cycles through variants of one lesson and does not create a ninth topic
ok 67 - repeat cycles through variants of one lesson and does not create a ninth topic
  ---
  duration_ms: 0.5621
  type: 'test'
  ...
# (node:28920) [MODULE_TYPELESS_PACKAGE_JSON] Warning: Module type of file:///C:/00.MIDAS/PROJECTS/28.%20HackApp.%202026/Finni%20App/src/domain/lesson.ts is not specified and it doesn't parse as CommonJS.
# Reparsing as ES module because module syntax was detected. This incurs a performance overhead.
# To eliminate this warning, add "type": "module" to C:\\00.MIDAS\\PROJECTS\\28. HackApp. 2026\\Finni App\\package.json.
# (Use `node --trace-warnings ...` to show where the warning was created)
# Subtest: registry is extensible by mechanic and rejects accidental replacement
ok 68 - registry is extensible by mechanic and rejects accidental replacement
  ---
  duration_ms: 3.5997
  type: 'test'
  ...
# Subtest: hints do not change the answer, revision or confirm an attempt
ok 69 - hints do not change the answer, revision or confirm an attempt
  ---
  duration_ms: 4.0552
  type: 'test'
  ...
# Subtest: action flows through consequence, explanation and next step before completion
ok 70 - action flows through consequence, explanation and next step before completion
  ---
  duration_ms: 1.5333
  type: 'test'
  ...
# Subtest: reviewed unsuccessful outcome completes, invalid input never does
ok 71 - reviewed unsuccessful outcome completes, invalid input never does
  ---
  duration_ms: 0.887
  type: 'test'
  ...
# Subtest: editing after evaluation invalidates both evaluation and explanation binding
ok 72 - editing after evaluation invalidates both evaluation and explanation binding
  ---
  duration_ms: 0.7995
  type: 'test'
  ...
# Subtest: reward eligibility is captured at start and cannot be upgraded later
ok 73 - reward eligibility is captured at start and cannot be upgraded later
  ---
  duration_ms: 0.5683
  type: 'test'
  ...
# Subtest: new variant starts with hidden hints even after the previous variant used L2
ok 74 - new variant starts with hidden hints even after the previous variant used L2
  ---
  duration_ms: 0.557
  type: 'test'
  ...
# (node:29040) [MODULE_TYPELESS_PACKAGE_JSON] Warning: Module type of file:///C:/00.MIDAS/PROJECTS/28.%20HackApp.%202026/Finni%20App/src/application/learning-service.ts is not specified and it doesn't parse as CommonJS.
# Reparsing as ES module because module syntax was detected. This incurs a performance overhead.
# To eliminate this warning, add "type": "module" to C:\\00.MIDAS\\PROJECTS\\28. HackApp. 2026\\Finni App\\package.json.
# (Use `node --trace-warnings ...` to show where the warning was created)
# (node:29040) ExperimentalWarning: SQLite is an experimental feature and might change at any time
# Subtest: restart preserves current evaluation/explanation and replay returns one completion/reward
ok 75 - restart preserves current evaluation/explanation and replay returns one completion/reward
  ---
  duration_ms: 346.5953
  type: 'test'
  ...
# Subtest: concurrent completions persist both outcomes but grant exactly one reward
ok 76 - concurrent completions persist both outcomes but grant exactly one reward
  ---
  duration_ms: 101.1097
  type: 'test'
  ...
# Subtest: draft-start remains training after activation and active-start gets no reward after close
ok 77 - draft-start remains training after activation and active-start gets no reward after close
  ---
  duration_ms: 139.0874
  type: 'test'
  ...
# Subtest: waiting attempts are persisted as training and reviewed outcomes are explicit
ok 78 - waiting attempts are persisted as training and reviewed outcomes are explicit
  ---
  duration_ms: 59.7281
  type: 'test'
  ...
# Subtest: invalid input and stale evaluation cannot create completion or reward
ok 79 - invalid input and stale evaluation cannot create completion or reward
  ---
  duration_ms: 65.7467
  type: 'test'
  ...
# Subtest: completed discovery reloads pinned attempt and evaluation after restart without a new reward
ok 80 - completed discovery reloads pinned attempt and evaluation after restart without a new reward
  ---
  duration_ms: 71.5487
  type: 'test'
  ...
# (node:11052) [MODULE_TYPELESS_PACKAGE_JSON] Warning: Module type of file:///C:/00.MIDAS/PROJECTS/28.%20HackApp.%202026/Finni%20App/src/ui/lesson-renderer-registry.ts is not specified and it doesn't parse as CommonJS.
# Reparsing as ES module because module syntax was detected. This incurs a performance overhead.
# To eliminate this warning, add "type": "module" to C:\\00.MIDAS\\PROJECTS\\28. HackApp. 2026\\Finni App\\package.json.
# (Use `node --trace-warnings ...` to show where the warning was created)
# Subtest: renderer registry extends mechanics without changing LessonShell navigation
ok 81 - renderer registry extends mechanics without changing LessonShell navigation
  ---
  duration_ms: 16.9399
  type: 'test'
  ...
# Subtest: LessonShell exposes hints and the full action-to-next-step contract
ok 82 - LessonShell exposes hints and the full action-to-next-step contract
  ---
  duration_ms: 32.1927
  type: 'test'
  ...
# Subtest: needs-review result explicitly invites the child to edit and check again
ok 83 - needs-review result explicitly invites the child to edit and check again
  ---
  duration_ms: 11.1862
  type: 'test'
  ...
# Subtest: P03 offers the neutral seller line only after a checked receipt discrepancy
ok 84 - P03 offers the neutral seller line only after a checked receipt discrepancy
  ---
  duration_ms: 8.6618
  type: 'test'
  ...
# (node:48196) [MODULE_TYPELESS_PACKAGE_JSON] Warning: Module type of file:///C:/00.MIDAS/PROJECTS/28.%20HackApp.%202026/Finni%20App/src/application/learning-service.ts is not specified and it doesn't parse as CommonJS.
# Reparsing as ES module because module syntax was detected. This incurs a performance overhead.
# To eliminate this warning, add "type": "module" to C:\\00.MIDAS\\PROJECTS\\28. HackApp. 2026\\Finni App\\package.json.
# (Use `node --trace-warnings ...` to show where the warning was created)
# (node:48196) ExperimentalWarning: SQLite is an experimental feature and might change at any time
# Subtest: eight distinct lesson definitions share one period reward quota
ok 85 - eight distinct lesson definitions share one period reward quota
  ---
  duration_ms: 293.6562
  type: 'test'
  ...
# Subtest: draft solution, hints and pinned parameters survive restart without completion
ok 86 - draft solution, hints and pinned parameters survive restart without completion
  ---
  duration_ms: 87.1725
  type: 'test'
  ...
# Subtest: old evaluation and injected completion failure leave no partial reward state
ok 87 - old evaluation and injected completion failure leave no partial reward state
  ---
  duration_ms: 53.4844
  type: 'test'
  ...
# (node:38348) [MODULE_TYPELESS_PACKAGE_JSON] Warning: Module type of file:///C:/00.MIDAS/PROJECTS/28.%20HackApp.%202026/Finni%20App/src/application/index.ts is not specified and it doesn't parse as CommonJS.
# Reparsing as ES module because module syntax was detected. This incurs a performance overhead.
# To eliminate this warning, add "type": "module" to C:\\00.MIDAS\\PROJECTS\\28. HackApp. 2026\\Finni App\\package.json.
# (Use `node --trace-warnings ...` to show where the warning was created)
# Subtest: mode switches invalidate queued and round-trip sessions by monotonic epoch
ok 88 - mode switches invalidate queued and round-trip sessions by monotonic epoch
  ---
  duration_ms: 62.2072
  type: 'test'
  ...
# Subtest: pending admin intent deterministically resumes after interruption at every phase
    # Subtest: resume after PREPARED
    ok 1 - resume after PREPARED
      ---
      duration_ms: 510.4421
      type: 'test'
      ...
    # Subtest: resume after QUEUE_STOPPED
    ok 2 - resume after QUEUE_STOPPED
      ---
      duration_ms: 482.1309
      type: 'test'
      ...
    # Subtest: resume after CONNECTION_CLOSED
    ok 3 - resume after CONNECTION_CLOSED
      ---
      duration_ms: 89.5972
      type: 'test'
      ...
    # Subtest: resume after DATA_REMOVED
    ok 4 - resume after DATA_REMOVED
      ---
      duration_ms: 91.4922
      type: 'test'
      ...
    # Subtest: resume after UI_CLEARED
    ok 5 - resume after UI_CLEARED
      ---
      duration_ms: 62.0442
      type: 'test'
      ...
    # Subtest: resume after VERIFIED
    ok 6 - resume after VERIFIED
      ---
      duration_ms: 47.3978
      type: 'test'
      ...
    1..6
ok 89 - pending admin intent deterministically resumes after interruption at every phase
  ---
  duration_ms: 1286.6489
  type: 'test'
  ...
# (node:43860) [MODULE_TYPELESS_PACKAGE_JSON] Warning: Module type of file:///C:/00.MIDAS/PROJECTS/28.%20HackApp.%202026/Finni%20App/src/domain/index.ts is not specified and it doesn't parse as CommonJS.
# Reparsing as ES module because module syntax was detected. This incurs a performance overhead.
# To eliminate this warning, add "type": "module" to C:\\00.MIDAS\\PROJECTS\\28. HackApp. 2026\\Finni App\\package.json.
# (Use `node --trace-warnings ...` to show where the warning was created)
# (node:43860) ExperimentalWarning: SQLite is an experimental feature and might change at any time
# Subtest: NormalClock/VirtualClock and projected state use calendar rules
ok 90 - NormalClock/VirtualClock and projected state use calendar rules
  ---
  duration_ms: 54.1251
  type: 'test'
  ...
# Subtest: schema v1 migrates to lifecycle v2 without losing period clock/rule data
ok 91 - schema v1 migrates to lifecycle v2 without losing period clock/rule data
  ---
  duration_ms: 135.8729
  type: 'test'
  ...
# Subtest: OpenPeriod rolls back period, income, revision and receipt together
ok 92 - OpenPeriod rolls back period, income, revision and receipt together
  ---
  duration_ms: 63.7421
  type: 'test'
  ...
# Subtest: normal restart, clock rollback and large forward jump never duplicate income
ok 93 - normal restart, clock rollback and large forward jump never duplicate income
  ---
  duration_ms: 157.5377
  type: 'test'
  ...
# Subtest: five demo periods run without waiting and survive restart without touching normal
ok 94 - five demo periods run without waiting and survive restart without touching normal
  ---
  duration_ms: 241.9088
  type: 'test'
  ...
# Subtest: adult clock correction changes generation without income and blocks immediate reopening
ok 95 - adult clock correction changes generation without income and blocks immediate reopening
  ---
  duration_ms: 105.3338
  type: 'test'
  ...
# (node:48892) [MODULE_TYPELESS_PACKAGE_JSON] Warning: Module type of file:///C:/00.MIDAS/PROJECTS/28.%20HackApp.%202026/Finni%20App/src/domain/index.ts is not specified and it doesn't parse as CommonJS.
# Reparsing as ES module because module syntax was detected. This incurs a performance overhead.
# To eliminate this warning, add "type": "module" to C:\\00.MIDAS\\PROJECTS\\28. HackApp. 2026\\Finni App\\package.json.
# (Use `node --trace-warnings ...` to show where the warning was created)
# (node:48892) ExperimentalWarning: SQLite is an experimental feature and might change at any time
# Subtest: schema v4 migrates sequentially to v6 and survives restart
ok 96 - schema v4 migrates sequentially to v6 and survives restart
  ---
  duration_ms: 293.051
  type: 'test'
  ...
# Subtest: ClosePeriod is atomic, receipt-first idempotent, restart-safe and neutral for an empty day
ok 97 - ClosePeriod is atomic, receipt-first idempotent, restart-safe and neutral for an empty day
  ---
  duration_ms: 132.725
  type: 'test'
  ...
# Subtest: five closed periods apply high-water rules and reach stages 1 → 2 → 3
ok 98 - five closed periods apply high-water rules and reach stages 1 → 2 → 3
  ---
  duration_ms: 213.7687
  type: 'test'
  ...
# Subtest: goal claim preserves committed saving and historical overrun blocks only the plan point
ok 99 - goal claim preserves committed saving and historical overrun blocks only the plan point
  ---
  duration_ms: 66.8048
  type: 'test'
  ...
# Subtest: shared executor serializes repository facades and closes the database exactly once
ok 100 - shared executor serializes repository facades and closes the database exactly once
  ---
  duration_ms: 89.938
  type: 'test'
  ...
# Subtest: period result UI wires close confirmation, saved summary and accessibility
ok 101 - period result UI wires close confirmation, saved summary and accessibility
  ---
  duration_ms: 4.1547
  type: 'test'
  ...
# (node:44660) [MODULE_TYPELESS_PACKAGE_JSON] Warning: Module type of file:///C:/00.MIDAS/PROJECTS/28.%20HackApp.%202026/Finni%20App/src/persistence/index.ts is not specified and it doesn't parse as CommonJS.
# Reparsing as ES module because module syntax was detected. This incurs a performance overhead.
# To eliminate this warning, add "type": "module" to C:\\00.MIDAS\\PROJECTS\\28. HackApp. 2026\\Finni App\\package.json.
# (Use `node --trace-warnings ...` to show where the warning was created)
# (node:44660) ExperimentalWarning: SQLite is an experimental feature and might change at any time
# Subtest: schema rejects unsafe Counter values and the transaction rolls back fully
ok 102 - schema rejects unsafe Counter values and the transaction rolls back fully
  ---
  duration_ms: 81.9722
  type: 'test'
  ...
# (node:46300) [MODULE_TYPELESS_PACKAGE_JSON] Warning: Module type of file:///C:/00.MIDAS/PROJECTS/28.%20HackApp.%202026/Finni%20App/src/domain/index.ts is not specified and it doesn't parse as CommonJS.
# Reparsing as ES module because module syntax was detected. This incurs a performance overhead.
# To eliminate this warning, add "type": "module" to C:\\00.MIDAS\\PROJECTS\\28. HackApp. 2026\\Finni App\\package.json.
# (Use `node --trace-warnings ...` to show where the warning was created)
# (node:46300) ExperimentalWarning: SQLite is an experimental feature and might change at any time
# Subtest: current schema migrates a real file transactionally and enforces CHECK/UNIQUE/FK
ok 103 - current schema migrates a real file transactionally and enforces CHECK/UNIQUE/FK
  ---
  duration_ms: 70.3535
  type: 'test'
  ...
# Subtest: COMMIT, durable receipt replay, conflict, induced ROLLBACK and restart stay consistent
ok 104 - COMMIT, durable receipt replay, conflict, induced ROLLBACK and restart stay consistent
  ---
  duration_ms: 90.3483
  type: 'test'
  ...
# Subtest: database uniqueness is the final guard for income/reward and rolls back projections
ok 105 - database uniqueness is the final guard for income/reward and rolls back projections
  ---
  duration_ms: 96.0728
  type: 'test'
  ...
# Subtest: RepositoryExecutor serializes concurrent commands on one connection
ok 106 - RepositoryExecutor serializes concurrent commands on one connection
  ---
  duration_ms: 67.9035
  type: 'test'
  ...
# Subtest: normal/demo use distinct database files and reject cross-mode commands
ok 107 - normal/demo use distinct database files and reject cross-mode commands
  ---
  duration_ms: 131.6051
  type: 'test'
  ...
# (node:44356) [MODULE_TYPELESS_PACKAGE_JSON] Warning: Module type of file:///C:/00.MIDAS/PROJECTS/28.%20HackApp.%202026/Finni%20App/src/domain/pet-profile.ts is not specified and it doesn't parse as CommonJS.
# Reparsing as ES module because module syntax was detected. This incurs a performance overhead.
# To eliminate this warning, add "type": "module" to C:\\00.MIDAS\\PROJECTS\\28. HackApp. 2026\\Finni App\\package.json.
# (Use `node --trace-warnings ...` to show where the warning was created)
# (node:44356) ExperimentalWarning: SQLite is an experimental feature and might change at any time
# Subtest: onboarding exposes exactly nine distinct pet combinations
ok 108 - onboarding exposes exactly nine distinct pet combinations
  ---
  duration_ms: 1.9456
  type: 'test'
  ...
# Subtest: pet name normalization and validation share the 2–16 code point contract
ok 109 - pet name normalization and validation share the 2–16 code point contract
  ---
  duration_ms: 0.8781
  type: 'test'
  ...
# Subtest: loading, error and onboarding component models are finite and actionable
ok 110 - loading, error and onboarding component models are finite and actionable
  ---
  duration_ms: 1.6903
  type: 'test'
  ...
# Subtest: home component model shows all summary data and unlocks routes by state
ok 111 - home component model shows all summary data and unlocks routes by state
  ---
  duration_ms: 0.8377
  type: 'test'
  ...
# Subtest: home responsive layout keeps money and CTA before the scene at enlarged text
ok 112 - home responsive layout keeps money and CTA before the scene at enlarged text
  ---
  duration_ms: 0.4728
  type: 'test'
  ...
# Subtest: profile creation is single, update keeps identity, and restart restores a second combination
ok 113 - profile creation is single, update keeps identity, and restart restores a second combination
  ---
  duration_ms: 260.0435
  type: 'test'
  ...
# Subtest: Home keeps native modal/back isolation and complete financial labels
ok 114 - Home keeps native modal/back isolation and complete financial labels
  ---
  duration_ms: 2.2828
  type: 'test'
  ...
# (node:44456) [MODULE_TYPELESS_PACKAGE_JSON] Warning: Module type of file:///C:/00.MIDAS/PROJECTS/28.%20HackApp.%202026/Finni%20App/src/application/learning-service.ts is not specified and it doesn't parse as CommonJS.
# Reparsing as ES module because module syntax was detected. This incurs a performance overhead.
# To eliminate this warning, add "type": "module" to C:\\00.MIDAS\\PROJECTS\\28. HackApp. 2026\\Finni App\\package.json.
# (Use `node --trace-warnings ...` to show where the warning was created)
# (node:44456) ExperimentalWarning: SQLite is an experimental feature and might change at any time
# Subtest: P03 detects either duplicate, accepts a correct receipt, and explains incorrect change
ok 115 - P03 detects either duplicate, accepts a correct receipt, and explains incorrect change
  ---
  duration_ms: 4.3733
  type: 'test'
  ...
# Subtest: B03 prices owned materials and common budget; handmade is not always cheaper
ok 116 - B03 prices owned materials and common budget; handmade is not always cheaper
  ---
  duration_ms: 1.5076
  type: 'test'
  ...
# Subtest: P03 and B03 training completions create no financial ledger entry
ok 117 - P03 and B03 training completions create no financial ledger entry
  ---
  duration_ms: 88.6303
  type: 'test'
  ...
# Subtest: P03 renderer offers independent basket, selectable receipt lines and editable total/change
ok 118 - P03 renderer offers independent basket, selectable receipt lines and editable total/change
  ---
  duration_ms: 1.9433
  type: 'test'
  ...
# Subtest: B03 renderer presents both costs, owned materials and common plan without commerce commands
ok 119 - B03 renderer presents both costs, owned materials and common plan without commerce commands
  ---
  duration_ms: 0.6401
  type: 'test'
  ...
# Subtest: room asset package covers the implemented purchase and goal IDs exactly
ok 120 - room asset package covers the implemented purchase and goal IDs exactly
  ---
  duration_ms: 4.0776
  type: 'test'
  ...
# Subtest: all local PNG bindings have matching hashes and valid PNG signatures
ok 121 - all local PNG bindings have matching hashes and valid PNG signatures
  ---
  duration_ms: 92.1084
  type: 'test'
  ...
# Subtest: catalog thumbnails come from hashed imagegen masters with RGBA 192px exports
ok 122 - catalog thumbnails come from hashed imagegen masters with RGBA 192px exports
  ---
  duration_ms: 249.5648
  type: 'test'
  ...
# (node:46884) [MODULE_TYPELESS_PACKAGE_JSON] Warning: Module type of file:///C:/00.MIDAS/PROJECTS/28.%20HackApp.%202026/Finni%20App/src/ui/root-navigation.ts is not specified and it doesn't parse as CommonJS.
# Reparsing as ES module because module syntax was detected. This incurs a performance overhead.
# To eliminate this warning, add "type": "module" to C:\\00.MIDAS\\PROJECTS\\28. HackApp. 2026\\Finni App\\package.json.
# (Use `node --trace-warnings ...` to show where the warning was created)
# Subtest: persistent tabs route to five peers and expose exactly the active screen
ok 123 - persistent tabs route to five peers and expose exactly the active screen
  ---
  duration_ms: 174.4434
  type: 'test'
  ...
# Subtest: More actions keep their intent; menu dismiss is a button without a forward arrow
ok 124 - More actions keep their intent; menu dismiss is a button without a forward arrow
  ---
  duration_ms: 39.3573
  type: 'test'
  ...
# Subtest: enlarged Home menu remains navigation during a reaction; skip targets only that reaction
ok 125 - enlarged Home menu remains navigation during a reaction; skip targets only that reaction
  ---
  duration_ms: 104.4917
  type: 'test'
  ...
# (node:43288) [MODULE_TYPELESS_PACKAGE_JSON] Warning: Module type of file:///C:/00.MIDAS/PROJECTS/28.%20HackApp.%202026/Finni%20App/src/domain/index.ts is not specified and it doesn't parse as CommonJS.
# Reparsing as ES module because module syntax was detected. This incurs a performance overhead.
# To eliminate this warning, add "type": "module" to C:\\00.MIDAS\\PROJECTS\\28. HackApp. 2026\\Finni App\\package.json.
# (Use `node --trace-warnings ...` to show where the warning was created)
# (node:43288) ExperimentalWarning: SQLite is an experimental feature and might change at any time
# Subtest: deposit and confirmed withdrawal conserve funds and produce ordered history
ok 126 - deposit and confirmed withdrawal conserve funds and produce ordered history
  ---
  duration_ms: 98.0634
  type: 'test'
  ...
# Subtest: goal change preserves savings; claim keeps surplus and survives replay and restart
ok 127 - goal change preserves savings; claim keeps surplus and survives replay and restart
  ---
  duration_ms: 116.2467
  type: 'test'
  ...
# Subtest: concurrent transfers with one revision commit at most once
ok 128 - concurrent transfers with one revision commit at most once
  ---
  duration_ms: 45.4301
  type: 'test'
  ...
# Subtest: runtime boundary and accessible savings/history screens are wired
ok 129 - runtime boundary and accessible savings/history screens are wired
  ---
  duration_ms: 4.2454
  type: 'test'
  ...
# (node:31904) [MODULE_TYPELESS_PACKAGE_JSON] Warning: Module type of file:///C:/00.MIDAS/PROJECTS/28.%20HackApp.%202026/Finni%20App/src/domain/savings-lesson.ts is not specified and it doesn't parse as CommonJS.
# Reparsing as ES module because module syntax was detected. This incurs a performance overhead.
# To eliminate this warning, add "type": "module" to C:\\00.MIDAS\\PROJECTS\\28. HackApp. 2026\\Finni App\\package.json.
# (Use `node --trace-warnings ...` to show where the warning was created)
# Subtest: S01 accepts flexible integer deposits and preserves an over-goal forecast
ok 130 - S01 accepts flexible integer deposits and preserves an over-goal forecast
  ---
  duration_ms: 4.3975
  type: 'test'
  ...
# Subtest: S01 shows the remaining amount and rejects invalid day deposits
ok 131 - S01 shows the remaining amount and rejects invalid day deposits
  ---
  duration_ms: 0.6354
  type: 'test'
  ...
# Subtest: S02 preview calculates purchase and postponement without a money command
ok 132 - S02 preview calculates purchase and postponement without a money command
  ---
  duration_ms: 0.9647
  type: 'test'
  ...
# Subtest: S02 blocks an unfunded purchase and malformed withdrawals
ok 133 - S02 blocks an unfunded purchase and malformed withdrawals
  ---
  duration_ms: 0.3982
  type: 'test'
  ...
# Subtest: savings renderer exposes both canonical SRS scenarios and a non-mutating preview
ok 134 - savings renderer exposes both canonical SRS scenarios and a non-mutating preview
  ---
  duration_ms: 2.7619
  type: 'test'
  ...
# Subtest: S02 requires an explicit choice before evaluating a withdrawal
ok 135 - S02 requires an explicit choice before evaluating a withdrawal
  ---
  duration_ms: 1.2365
  type: 'test'
  ...
1..135
# tests 141
# suites 0
# pass 140
# fail 1
# cancelled 0
# skipped 0
# todo 0
# duration_ms 4674.7296
